text,label
Funniest exam moments of 2026,entertainment
What' snew in Java 19.0,technology
"Limited offer on OnePlus, order now",advertising
Sponsored: try boAt free for 38 days,advertising
Haibts that fixed my time management,productivity
organic chemistry full course for beginners,education
Funniest cricket moments of 2026,entertainment
Microsoft interview experience for PM,career
doctors hate this cat secret,clickbait
Breaking: budget session live updates,news
Zomato interview experience for data analyst,career
Breaking: monsoon floods live updates,news
Prank on my roommate gone hilarious,entertainment
How to solve graph theory problems step by step 🔥,education
Top 10 goals of the Premier League season,sports
Deploying chata pp on Kubernetes,technology
let's play valorant part 38 🤯,gaming
this trend is everywhere #reels 🤯 | #shorts cricket in 30 seconds,short_form_video
Prank on my roommate gone hilarious 🎉,entertainment
Building a URL shortener with Go 🤯,technology
36 secrets they don't want you to know,clickbait
wait for it #reels #fyp,short_form_video
"Limited offer on Pixel, order now",advertising
"Myntra sale: 6% off today only, shop now",advertising
this trend is everywhere #reels,short_form_video
Government announces health reform,news
Funniest office moments of 2026 💯,entertainment
Salary negotiation tips for new grads | a famous actor new movie trailer reaction,career
NPTEL week 33: dynamic programming,education
#shorts exam in 30 seconds 😱,short_form_video
this trend is everywhere #reels 💯,short_form_video
Wedding season outfits ootd 😱,social
a popular YouTuber enw movie trailer reaction,entertainment
Wedding season outfits ootd,social
weekend vibes with the gang,social
SHOCKING truth about cricket EXPOSED,clickbait
memory management in Go explained with code 🤯,technology
Let's play Valorant part 7,gaming
Wedding season outfits ootd,social
Best Free Fire settings for  9fps,gaming
My 23-hour deep work routine 📚,productivity
Best Free Fire settings for 29 fps,gaming
Placement preparation roadmap 2026 🎉,career
What's new in TypeScript 31.0,technology
How I plan my week for maximum focus,productivity
dynamic programming in one shot | revision notes,education
Mock interview: data analsyt system design round,career
Top headlines today: monsoon floods,news
Sponsored: try Myntra free for 23 days 📚,advertising
Gill century full innings 🔥,sports
Deploying recommendation engine on Kubernetes | let's plya minecraft part 30 💯,technology
Resume tips for SDE freshers,career
NPTEL week 25: operating systems,education
Weekend vibes with the gang,social
SHOCKING truth about cat EXPOSED,clickbait
Lecture 5: control systems explained 🤯,education
Weekend vibes with the gang | habits that fixed my time management,social
lniear algebra full course for beginners | Wedding seasono utfits ootd,education
Birthday dump with friends,social
RCB vs GT highlights | IPL 2026,sports
Deploying URL shortener on Kubernetes,technology
post-match press conference mi 🎉,sports
Notion template for ML engineers 😱,productivity
POV: exam tomorrow #shorts | Government announces health reform,short_form_video
How I cracked Flipkart internship,career
cooking hack you need #hsorts #viral,short_form_video
"Nykaa sale: 39% off today only, shop now",advertising
gym hack you need #shorts #viral,short_form_video
Birthday dump with friends | Sponsored: try boAt free for 19 days 😂,social
a popular YouTuber new movie trailer reaction 📚,entertainment
Top headlines today: budget session,news
Kolkata monsoon floods: what we know so far,news
Java tutorial: closures,technology
Wedding season outfits ootd 💯,social
rcb vs gt highlights | ipl 2024,sports
How I plan my week for maximum focus 🤯,productivity
dynamic programming full course for beginners | resume tips for ml engineer freshers,education
Let's play Valorant part 25,gaming
a pop star new movie trailer reaction,entertainment
Resum etips for ML engineer freshers,career
Delhi budget session: what we know so far,news
BGMI ranked gameplay 39 kills,gaming
Post-match press conference CSK,sports
"boAt sale: 36% off today only, shop now",advertising
My 10-hour deep work routine 💯 | Pomodoro study timer with lofi,productivity
Let's play Free Fire part 3,gaming
notion template for sdes,productivity
throwback to mumbai trip | explained: why metro expansion matters,social
Amazon interview experience for SDE 🤯,career
You won't believe what a famous actor did next!!!,clickbait
best comedy sketches compilation,entertainment
Lecture 7: dynamic programming explained | Delhi budget session: what we know so far 👀,education
a pop star reacts to cooking 😱,entertainment
"myntra sale: 32% off today only, shop now",advertising
Placement preparation roadmap 2026,career
Python tutorial: generics,technology
birthday dump with friends,social
POV: exam tomorrow #shorts,short_form_video
decorators in Python explained with code,technology
pov: first day at college #shorts 😱,short_form_video
Delhi monsoon floods: what we know so far 😱,news
Wedding season outfits ootd 😱,social
How I cracked Flipkart internship,career
Let's play Free Fire part 9,gaming
Resume tips for data analyst freshers 👀,career
thi strend is everywhere #reels,short_form_video
My 37-hour deep work routine 😱 | Explained: why metro expansion matters 😂,productivity
this trend is everywhere #reels,short_form_video
closures in Rust explained with code,technology
microeconomics full ocurse for beginners,education
Birthday dump with friends,social
microeconomics full course for beginners,education
this trend is everywhere #reels,short_form_video
Birthday dump with friends 😱,social
let's play bgmi part 9,gaming
wait for it #reels #fyp,short_form_video
#shorts gym in 30 seconds,short_form_video
top headlines today:m etro expansion 💯 | free fire speedrun world record attempt,news
What happens next will blow your mind,clickbait
Bengaluru monsoon floods: what we know so far,news
NPTEL week 22: thermodynamics,education
Deploying chat app on Kubernetes,technology
a popular YouTuber new movie trailer reaction,entertainment
POV: first day at college #shorts,short_form_video
lecture 21: thermodynamics explained 😱,education
MIT OpenCourseWare linear algebra lecture 38,education
infosys interview experience for ml engineer,career
a pop star reacts to cricket,entertainment
35 secrets they don't want you to know,clickbait
Top 10 goals of the ISL season,sports
cat hack you need #shorts #viral,short_form_video
SHOCKING truth about cat EXPOSED,clickbait
Rust uttorial: decorators,technology
Match recap: MI win thriller,sports
Valorant funny moments montage,gaming
Let's play Minecraft part 2 📚,gaming
Free Fire funny moments montage | Resume tips for SDE freshers,gaming
Top headlines today: monsoon floods 😱,news
Best comedy sketches compilation 🔥,entertainment
Wedding season outfits ootd,social
Post-match press conference RCB,sports
OnePlus review after 30 days 🤯,technology
How to solve thermodynamics problems step by step 🔥,education
Valorant speedrun world record attempt 💯,gaming
12 secrets they don't want you to know 🎉,clickbait
Gill century full innings,sports
how i plan my week for maximum focus,productivity
Breaking: budget session live updates 📚,news
organic chemistry in one shot | revision notes,education
Government announces health reform 🤯,news
TypeScript tutorial: closures,technology
Deploying portfolio site on Kubernetes,technology
building a recommendation engine with go 😱,technology
"Limited offer on iPhone, order now 🎉",advertising
Use promo code SAVE4 at Myntra 🤯,advertising
a famous actor new movie trailer reaction 💯,entertainment
Use promo code SAVE9 at Nykaa 📚,advertising
Valorant speedrun world record attempt,gaming
Try not to laugh challenge #35 🔥,entertainment
Prank on my roommate gone hilarious,entertainment
Use promo code SAVE26 at boAt 🤯,advertising
this trend is everywhere #reels,short_form_video
Weekend vibes with the gang,social
what happens next will blow your mind,clickbait
Bengaluru budget session: what we know so far,news
a popular youtuber reacts to cricket 🎉,entertainment
Mumbai budget session: what we know so far,news
"What happens next will blow your mind | Myntra sale: 17% off toda yonly, shop now 💯",clickbait
organic chemistry full course for beginners,education
Class 16 fluid mechanics derivation and examples,education
Explained: why budget session matters,news
Rust tutorial: closures,technology
Resume tips for ML engineer freshers 👀,career
gym hack you need #shorts #viral | Deploying chat app on Kubernetes,short_form_video
Story time: my your mom finds your phone | this trend is everywhere #reels,social
pant century full innings,sports
Explained: why budget session matters 👀,news
You won't believe hwat a pop star did next!!! 📚,clickbait
How to solve probability problems step by step 😂,education
CSK vs GT highlights | IPL 2026,sports
Match recap: CSK win thriller,sports
closures in Python explained with code,technology
a pop star reacts to cooking 💯,entertainment
organic chemistry in oen shot | revision notes | POV: your mom finds your phone #shorts,education
Funniest exam moments of 2025,entertainment
Infosys interview experience for ML engineer,career
microeconomics in one shot | revision notes 😱,education
wait for it #reels #fyp,short_form_video
TypeScript tutorial: generics,technology
Top 10 goals of the ISL season,sports
Kohli century full innings,sports
Post-match press conference CSK,sports
Salary negotiation tips for new grads 🔥,career
What happens next will blow your mind 😂,clickbait
"Myntra sale: 14% off today only, shop now",advertising
Try not to laugh challenge #20,entertainment
Free Fire funny moments montage,gaming
Zomato interview experience for data analyst 😂,career
Breaking: monsoon floods live updates | What happens next will blow your mind,news
Throwback to Bengaluru trip,social
What happens next will blow your mind,clickbait
RCB vs DC highlights | IPL 2024,sports
How I plan my week for maximum focus,productivity
Match recap: CSK win thriller,sports
Minecraft speedrun world record attempt,gaming
how i plan my week for maximum focus | Free iFre ranked gameplay 35 kills 😂,productivity
graph theory full course for beginners,education
BGMI funny moments montage,gaming
how i plan my week for maximum focus,productivity
How I plan my week for maximum focus,productivity
Python tutorial: decorators,technology
Java tutorial: memory management,technology
Resume tips for data analyst freshers | Try ont to laugh challenge #39,career
this trend is everywhere #reels 📚,short_form_video
Placement preparation roadmap 2026,career
Government announces education reform,news
resume tips for sde freshers 🤯,career
habits that fixed my time management | minecraft funny moments montage,productivity
Deploying chat app on Kubernetes,technology
Prank on my roommate gone hilarious,entertainment
Top headlines today: monsoon floods 🔥,news
microeconomics in one shot | revision notes,education
TypeScript tutorial: memory management,technology
Valorant ranked gameplay 13 kills,gaming
government announces tax reform 🎉,news
a popular YouTuber reacts to exam,entertainment
Valorant ranked gameplay 32 kills 🎉,gaming
Let's play Free Fire part 1,gaming
Wedding season outfits ootd,social
What happens next will blow your mind,clickbait
Mock interview: data analyst system design round 🤯,career
Funniest office moments of 2024,entertainment
You won't believe what a pop star did next!!!,clickbait
Placement preparation roadmap 2024 📚,career
What happens next will blow your mind,clickbait
Free Fire speedrun world record attempt,gaming
Pixel review after 30 days 😂 | exam hack you need #shorts #viral 🔥,technology
BGMI speedrun world record attempt 🔥,gaming
Pant century full innings 🎉,sports
Building a recommendation engine with Rust 📚,technology
"boAt sale: 36% off today only ,shop now",advertising
placement preparation roadmap 2026,career
Post-match press conference MI,sports
Notion template for PMs 🤯,productivity
Post-match press conference CSK,sports
Use promo code SAVE5 ta Myntra,advertising
how i cracked zomato internship,career
BGMI funny moments montage,gaming
MIT pOenCourseWare microeconomics lecture 34 🎉,education
"boAt sale: 38% off today only, shop now | Minecraft ranked gameplay 25 kills",advertising
a popular YouTuber new movie trailer reaction 👀,entertainment
"boAt sale: 6% off today only, shop now",advertising
Story time: my first day at college,social
Pant century full innings,sports
Free Fire speedrun world recrod attempt,gaming
Sponsored: try Myntra free for 25 days 😂,advertising
My 35-hour deep work routine,productivity
Governmetn announces education reform,news
Mumbai budgte session: what we know so far,news
MIT OpenCourseWare probability lecture 17 💯,education
Use promo code SAVE14 at Myntra,advertising
Prank on my roommate gone hilarious,entertainment
top 10 goals of the premier league season,sports
memory management in Pythno explained with code,technology
Doctors hate this cooking secret 😂 | Free Fire ranked gameplay 23 kills 💯,clickbait
Match recap: RCB win thriller,sports
Wedding saeson outfits ootd,social
let's play bgmi part 11,gaming
Valorant speedrun world record attempt 📚 | wait for it #reels #fyp,gaming
Doctors hate this cooking secret,clickbait
Story time: my your mom finds your phone,social
Class 20 probability derivation and examples,education
Building a recommendation engine with TypeScript,technology
Top headlines today: monsoon floods 📚,news
Explained: why election results matters,news
What's new in Rust 31.0 🎉,technology
wait for it #reels #fyp 🤯,short_form_video
Breaking: metro expansion live updates 🤯,news
Use promo code SAVE14 at Nykaa,advertising
Habits that fixed my time management,productivity
KKR vs PBKS highlights | IPL 2026,sports
cat hack you need #shorts #viral,short_form_video
wedding season outfits ootd,social
MIT OpenCourseWare microeconomics lecture 3,education
Pant centruy full innings,sports
You won't believe what a famous actor did next!!!,clickbait
"Limited offer on iPhone, order now | Sponsored: try Nykaa free for 1 days",advertising
pov: your mom finds your phone #shorts 😂,short_form_video
How to solve graph theory problems step by step,education
Story time: my fisrt day at college,social
Government announces education reform,news
Birthday dump with friends,social
Mock interview: data analyst system design round 🔥,career
Match recap: MI win thriller,sports
You won't believe what a popular YouTuber did next!!!,clickbait
Funniest exam moments of 2026,entertainment
Throwabck to Bengaluru trip,social
Free Fire ranked gameplay 26 kills 🔥,gaming
Placement preparation roadmap 2025,career
Salary negotiation tips for new grads,career
Mock interview: ML engineer system design round,career
Mock interview: SDE system design round 🎉,career
How I cracked Flipkart internship,career
Top headlines today: election results | Funniest cat moments of 2025,news
async await in Python explained with code,technology
Lecture 38: organic chemistry explained,education
async await in Java explained with code,technology
"boat sale: 10% off today only, shop now | post-match press conference mi 💯",advertising
docotrs hate this cooking secret,clickbait
Galaxyr eview after 30 days 😂,technology
Explained: why monsoon floods matters | Doctors hate this gym secret,news
Throwback to Delhi trip,social
Valorant ranked gameplay 18 kills,gaming
cricket hack you need #shorts #viral,short_form_video
Doctors hate this gym secret,clickbait
Placement preparation roadmap 2025 📚,career
"Limited offer on iPhone, order now",advertising
Post-match press conference CSK,sports
Kolkata election results: what we know so far,news
Use promo code SAVE6 at boAt,advertising
Salary negotiation tips for new grads 👀,career
Building a URL sohrtener with Rust,technology
Pant century full innings,sports
Kohli century full innings,sports
How I plan my week for maximum focus,productivity
POV: exam tomorrow #shorts,short_form_video
Throwback to Delhi trip,social
Let's play BGMI part 3,gaming
resume tips for pm freshers,career
Use promo code ASVE22 at boAt,advertising
Minecraft ranked gameplay 20 kills,gaming
Explained: why budget session matters,news
Story time: my exam tomorrow,social
Breaking: election results live updates,news
Pant century full innings,sports
Building a URL shortener with TypeScript 💯,technology
Best BGMI settings for 12 fps 😂,gaming
Valorant speedrun world record attempt,gaming
Valorant funny moments montage,gaming
Match recap: RCB win thriller,sports
How to solve organic chemistry problems step by step,education
Salary negotiation tips for new grads,career
Notion template for SDEs 📚,productivity
Weekend vibes with the gang,social
Doctors hate this exam secret,clickbait
Throwback to Kolkata trip,social
graph theory full course for beginners 🤯,education
SHOCKING truth about exam EXPOSED,clickbait
this trend is everywhere #reels,short_form_video
Mock interview: PM system design round 🔥,career
Pomodoro study timer with lofi | Match recap: CSK win thriller,productivity
Pomodoro study timer with lofi,productivity
Placement preparation roadmap 2025,career
Let's play Free Fire part 36,gaming
Salary negotaition tips for new grads,career
Birthday dump with friends 😂,social
What's new in Rust 14.0 💯,technology
My 16-hour deep work routine,productivity
Funniest office moments of 2025,entertainment
"Limited offer on iPhone, order now 😂",advertising
my 30-hour deep work routine 📚,productivity
Post-match press conferenc eRCB,sports
Class 37 organic chemistry derivation and examples,education
Best comedy sketches compilation,entertainment
Best Free Fire settings for 38f ps 🤯,gaming
Doctors hate this cricket secret,clickbait
Story time: my your mom finds your phone,social
Go tutorial: decorators,technology
Birthday dump with friends 📚,social
Resume tips for ML engineer freshers,career
20 secrets they don't want you to know 💯,clickbait
Valorant speedrun world record attempt,gaming
Prank on my roommate gone hilarious 💯,entertainment
POV: exam tomorrow #shorts,short_form_video
OnePlus review after 30 days,technology
Macth recap: MI win thriller 🤯,sports
zomato interview experience for data analyst,career
use promo code save30 at nykaa,advertising
Salary negotiation tips for new grads 🤯,career
What happens next will blow your mind,clickbait
Wedding season outfits ootd,social
thermodynamics full course for beginners 👀,education
cooking hack you need #shorts #viral 🤯,short_form_video
Wedding season otufits ootd,social
"Limited offer on Galaxy, order now | office hack you need #shorts #viral 👀",advertising
cooking hack you need #shorts #viral,short_form_video
Habits that fixed my time management,productivity
31 secrets they don't want you to know 🤯,clickbait
Weekend vibes with the gang 👀,social
microeconomics full course for beginners,education
Top 10 goals of the Premier League season 😂,sports
notion template for ml engineers,productivity
Gill century full innings,sports
How I plan my week for maximum focus,productivity
Prank on my roommate gone hilarious,entertainment
Let's play Free Fire part 16,gaming
fluid mechanics full course for beginners,education
"limited offer on iphone, order now 😂",advertising
Kolkata election results: what we know so far,news
"Limited offer on Pixel, order now",advertising
Prank on my roommate gone hilarious 🔥,entertainment
a pop star reacts to cooking,entertainment
POV: your mom finds your phone #shorts,short_form_video
My 10-hour deep work routine,productivity
Funniest cat moments of 2026,entertainment
26 secrets they don't want you to know,clickbait
Throwback to Kolkata trip,social
Notion template for SDsE 🔥,productivity
MI vs GT highlights | IPL 2024,sports
CSK vs PBKS highlights | IPL 2024,sports
RCB vs PBKS highlights | IPL 2024 😂,sports
#shorts cat in 30 seconds,short_form_video
my 12-hour deep work routine,productivity
Kolkata election results: what we know so far,news
top 10 goals of the isl season,sports
Deploying chat app on Kubernetes,technology
a popular YouTuber reacts to cat,entertainment
Prank on my roommate gone hilarious,entertainment
Throwback to Delhi trip 💯,social
rcb vs dc highlights | ipl 2026,sports
nptel week 25: microeconomics 📚,education
Use promo code SAVE28 at Nykaa,advertising
Placement preparation roadmap 2026,career
Sponsored: try Nykaa free for 26 days,advertising
Doctors hate this cooking secret,clickbait
Weekend vibes with the gang 👀,social
How I carcked Flipkart internship 🤯,career
Match recap: MI win thriller,sports
Top headlines today: budget session,news
Explained: why election results matters,news
Government announces education reform,news
How I cracked Google internship 🎉,career
weekend vibes with the gang 😂,social
throwback to delhi trip,social
salary negotiation tips for new grads,career
linear algebra full course for beginners,education
Valorant speedrun world record attempt,gaming
MIT OpenCourseWare dynamic programming lecture 17,education
Throwback to Mumbai trip,social
Weekend vibes with the gang 🔥,social
cricket hack you need #shorts #viral,short_form_video
Funniest cricket moments of 2025,entertainment
wait for it #reels #fyp,short_form_video
iphone review after 30 days,technology
pov: first day at college #shorts,short_form_video
a pop star new movie trailer reaction 😂,entertainment
What happens next will blow your mind,clickbait
async await in Go explained with code 📚 | Throwback to Delhi trip,technology
Python tutorial: async await,technology
Throwback to Kolkata trip,social
this trend is everywhere #reels,short_form_video
Birthday dump with friends 🎉,social
SHOCKING truth about office EXPOSED,clickbait
Best comedy sketches compilation,entertainment
Top 10 goals of the Premier League season | mock interview: data analyst system design round,sports
Explained: why election results matters,news
pomodoro study timer with lofi,productivity
Use promo code SAVE30 at Nykaa,advertising
26 secrets they don't want you to know,clickbait
"Limited offer on Pixel, order now",advertising
mit opencourseware fluid mechanics lecture 5 😱,education
"Nykaa sale: 20% off today only, shop now",advertising
Mock interview: data analyst system design round 📚,career
Birthday dump with friends,social
Let's play Free Fire part 36,gaming
"myntra sale: 20% off today only, shop now",advertising
building a chat app with rust,technology
Go tutorial: closures,technology
"Limited offer on Galaxy, order now",advertising
control systems full course for beginners,education
government announces education reform,news
BGMI speedrun world record attempt | RCB vs SRH highlights | IPL 2026,gaming
Try not to laugh challenge #25 😱,entertainment
Pomodoro study timer with lofi 😱,productivity
Post-match press conference RCB 📚,sports
Top headlines today: election results 🔥 | Deploying recommendation engine on Kubernetes,news
Sponsored: try Myntra free for 12 days,advertising
top headlines today: metro expansion 😱 | Resume tips for ML engineer fresehrs,news
bengaluru election results: what we know so far,news
Throwback to Kolkata trip,social
Post-match press conference MI 🤯,sports
Let's play Minecraft part 11,gaming
Birthday dump with friends 🎉,social
Best BGMI settings for 29 fps,gaming
NPTEL week 24: fluid mechanics | Free Fire speedurn world record attempt 🎉,education
best comedy sketches compilation,entertainment
a popular YouTuber new movie trailer reaction,entertainment
#shorts cricket in 30 seconds,short_form_video
a pop star new movie trailer reaction,entertainment
How to solve probability problems step by step 💯 | Valorant ranked gameplay 14 kills,education
Notion template for ML engineers 🔥,productivity
exam hack you need #shorts #viral,short_form_video
Valorant ranked gameplay 20 kills,gaming
rust tutorial: memory management 😂,technology
deploying chat app on kubernetes | Use promo code SAVE12 at Myntra 📚,technology
weekend vibes with the gnag,social
Sponsored: try Myntra free for 22 days,advertising
building a portfloio site with typescript | How I cracked Infosys internship,technology
Deploying chat app on Kubernetes 😂,technology
Top headlines today: election results,news
CSK vs DC highlights | IPL 2025 | Use promo code SAVE19 at boAt,sports
"boAt sale: 36% off today only, shop now",advertising
mock interview: sde system design round,career
What's new in TypeScript 5.0,technology
MIT OpenCourseWare microeconomics lecture 4,education
prank on my roommate gone hilarious 🔥,entertainment
Throwback to Delhi trip 😂,social
MI vs GT highlights | IPL 2024 | 12 secrets they don't want you to know,sports
Funniest cricket moments of 2025 | 15 secrets they don't want you to know,entertainment
how to solve fluid mechanics problems step by step,education
Valorant speedrun world record attempt,gaming
Microsoft interview experience for data analyst,career
Try not to laugh challenge #8,entertainment
mock interview: pm system design round,career
Placement preparation roadmap 2024 😂,career
Building a portfolio site with Go | Minecraft funny moments montage 😱,technology
Building a chat app with Go,technology
Doctors hate tihs cooking secret,clickbait
funniest cricket moments of 2025 🔥,entertainment
sponsored: try nykaa free for 29 days,advertising
Let's play Free Fire part 25 | Resume tipsf or ML engineer freshers,gaming
Best Valorant settings for 9 fps,gaming
habits that fixed my time management 😱,productivity
Top headlines today: monsoon floods,news
Delhi election results: what we know so far,news
#shorts exam in 30 seconds,short_form_video
gym hack you need #shorts #viral | government announces education reform 🔥,short_form_video
BGMI funny moments montage 📚,gaming
Story time: my your mom finds your phone,social
My 31-hour deep work routine 💯,productivity
Doctors hate this office secret,clickbait
Match recap: CSK win thriller,sports
gym hack you need #shorts #viral,short_form_video
Post-match press conference CSK | Flipkart interview experience for PM,sports
Top headlines today: metro expansion 🎉 | Best comedy sketches compilation,news
wait for it #reels #fyp,short_form_video
prank on my roommate gone hilarious,entertainment
a pop star reacts to cooking,entertainment
dynamic programming full course for beginners | Placement preparation roadmap 2025,education
Wedding season outfits ootd 😂,social
Prank on my roommate gone hilarious 👀,entertainment
Top headlines today: budget session 🔥,news
Government announces tax reform 💯,news
Salary negotiation tips for new grads 💯,career
Valorant funny moments montage,gaming
thermodynamics full course for beginners,education
fluid mechanics full course for beginners,education
Mock interview: ML engineer system design round 🤯,career
a popular YouTuber new movie trailer reaction 👀,entertainment
Breaking: election results live updates 📚,news
Building a chat app with Go 😱,technology
Doctors hate this gym secret,clickbait
this trend is everywhere #reels,short_form_video
Best comedy sketches compilation,entertainment
CSK vs DC highlights | IPL 2024,sports
Let's play Minecraft part 32,gaming
Delhi election results: what we know so far,news
Salary negotiation tips for new grads,career
a famous actor reacts to gym 🤯,entertainment
Resume tips for ML engiener freshers,career
Bengaluru election results: what we know so far,news
sponsored: try myntra free for 26 days,advertising
What happens next will blow your mind | Funniest cooking moments of 2024,clickbait
Sponsored: try Myntra free for 1 days 💯,advertising
15 secrets they don't want you to know,clickbait
Post-match press conference KKR,sports
top headlines today: metro expansion,news
Explained: why monsoon floods matters,news
Try not to laugh challenge #28 😱,entertainment
pov: first day at college #shorts 😱,short_form_video
Breaking: metro expansion live updates,news
How I plan my week for maximum focus,productivity
valorant speedrun world record attempt,gaming
#shorts cat in 30 seconds,short_form_video
kkr vs pbks highlights | ipl 2026,sports
wait for it #reel s#fyp 👀 | breaking: monsoon floods live updates,short_form_video
placement preparation raodmap 2024 😂,career
OnePlus review after 30 days,technology
Class 30 graph theory derivation and examples 📚,education
What hpapens next will blow your mind,clickbait
Pnat century full innings | wait for it #reels #fyp,sports
Top headlines today: monsoon floods,news
minecraft funny moments montage 📚,gaming
BGMI ranked gameplay 31 kills,gaming
Breaking: election results live updates,news
What' snew in Java 29.0,technology
You won't believe what a famous actor did next!!!,clickbait
Weekend vibes with the gang,social
Prank on my roommate gone hilarious,entertainment
Delhi metro expansion: what we know so far | MIT OpenCourseWare fluid mechanics lecture 16,news
Throwback to Delhi trip,social
Let's play Valorant part 7,gaming
Salary negotiation tips for new grads 😂,career
a popular YouTuber reacts to gym,entertainment
27 secrets they don't want you to know,clickbait
weekend vibes with the gang,social
How I cracked Flipkart internship,career
Match recap: KKR win thriller,sports
Wedding season outfits ootd,social
My 38-hour deep work routine,productivity
a famous actor new movie trailer reaction,entertainment
Notion template for data analysts | POV: first day at college #shorts 👀,productivity
salary negotiation tips for new grads,career
Pomodoro study timer with lofi 👀,productivity
Best comedy sketches compilation,entertainment
Let's play Free Fire part 18,gaming
Wedding season outfits ootd 🎉,social
Bset comedy sketches compilation,entertainment
Delhi budget session: what we know so far 🎉,news
a popular YouTuber new movie trailer reaction | Throwback to Delhi trip,entertainment
What's new in Java 15.0 | closures in Rust explained with code 📚,technology
How to solve thermodynamics problems step by step 🎉,education
Delhi metro expansion: hwat we know so far,news
POV: first day at college #shorts 📚,short_form_video
Infosys interview experience for ML engineer,career
Gill centruy full innings,sports
Kolkata monsoon floods: what we know so far,news
Weekend vibes with the gang,social
Use promo code SAVE16 at boAt,advertising
class 17 organic cehmistry derivation and examples,education
top 10 goals of the premier league season,sports
Best comedy sketches compilation,entertainment
Notion template ofr data analysts,productivity
wait for it #reels #fyp,short_form_video
Birthday dump with friends,social
Prank on my roommate gone hilarious,entertainment
Notion template for SDEs,productivity
Use promo code SAVE10 at Nykaa,advertising
what happens next will blow your mind | Salary negotiation tips for new grads,clickbait
37 secrets they don't want you to know,clickbait
POV: first day at college #shorts 💯,short_form_video
Placement preparation roadmap 2024 | Throwback to Bengaluru trip,career
this trend is everywhere #reels,short_form_video
what happens next will blow your mind,clickbait
3s ecrets they don't want you to know 💯,clickbait
Let's play Free Fire part 38,gaming
Try not to laugh challenge #10,entertainment
Placement preparation roadmap 2026 😱,career
Weekend vibes with the gang,social
SHOCKING truth about cooking EXPOSED,clickbait
bgmi ranked gameplay 39 kills,gaming
"Best comedy sketches compilation | Limited offer on Pixel, order now",entertainment
Resume tips for PM freshers 🤯,career
Match recap: CSK win thriller,sports
#shorts exam in 30 seconds 👀,short_form_video
class 25 fluid mechanics derivation and examples 😱,education
How to solve probability problems step by step,education
Resume tips for SDE freshers,career
How I plan my week for maximum focus 💯,productivity
Government announces education reform,news
"Limited offer on OnePlus, order now",advertising
Mock interview: ML engineer system design round 💯,career
a pop star reacts to office,entertainment
Top headlines today: budget session 😂,news
Post-match press conference CSK,sports
How I plan my week for maximum focus 🔥,productivity
Weekend vibes with the gang 💯,social
placement preparation roadmap 2026,career
Sponsored: try Nykaa free for 18 days,advertising
Top 10 goals of the Premier League season,sports
How I plan my week for maximum focus,productivity
"Limited offer on Galaxy, order now 😂",advertising
POV: exam tomorrow #shorts,short_form_video
Funniest office moments of 2026 😱,entertainment
this trend is everywhere #reels,short_form_video
Weekend vibes with the gang,social
Prank on my roommate gone hilarious 🔥,entertainment
Prank o nmy roommate gone hilarious 📚,entertainment
Resume tips for SDE freshers | Let's play Free Fire part 25,career
post-match press conference rcb,sports
this trend is everywhere #reels 🔥,short_form_video
Pomdooro study timer with lofi,productivity
sponsored: try nykaa free for 14 days 🎉,advertising
nptel week 10: probability,education
What's new in TypeScript 39.0,technology
Weekend vibes with the gang,social
#shorts office in 30 seconds,short_form_video
Try not to laugh challenge #14,entertainment
Habits that fixed my time management 👀,productivity
Class 7 graph thoery derivation and examples,education
"Limited offer on Galaxy, order now 👀",advertising
this trend is everywhere #reels 📚,short_form_video
memory management in Java explained with code 😱,technology
match recap: csk win thriller 💯,sports
decorators in rust explained with code 😱,technology
fluid mechanics in one shot | revision notes,education
Free Fire funny moments montage 🤯,gaming
Throwback to Mumbai trip,social
pomodoro study timer with lofi,productivity
Prank on my roommate gone hilarious,entertainment
NPTEL week 24: probability,education
Birthday dump with friends 👀,social
You won't believe what a popular YouTuber did next!!! 🤯,clickbait
BGMI ranked gameplay 39 kills,gaming
Sponsored: try boAt free for 26 days 👀,advertising
POV: exam tomorrow #shorts 🔥 | shocking truth about gym exposed,short_form_video
You won't believe what a famous actor did next!!! | Story time: my your mom finds your phone 📚,clickbait
wait for it #reels #fyp,short_form_video
Best Free Fire settings for 5 fps,gaming
NPTEL week 4: linear algebra 💯,education
How I plan my week for maximum focus,productivity
Valorant ranked gameplay 35 kills 🔥,gaming
Building a recommendation engine with TypeScript 🔥,technology
Pant century full innings,sports
How I cracked Flipkart internship,career
Funniest office moments of 2026 😱,entertainment
Best comedy sketches compilation,entertainment
Match recap: MI win thriller,sports
BGMI ranked gameplay 30 kills,gaming
cat hack you need #shorts #viral,short_form_video
NPTEL week 13: probability,education
What's new in Go 13.0 | Zomato interview experience for ML engineer 👀,technology
Breaking: election results live updates 📚,news
try not to laugh challeneg #19,entertainment
wait for it #reels #fyp 🤯,short_form_video
MI vs PBKS highlights | IPL 2026,sports
SHOCKING truth about gym EXPOSED 💯,clickbait
Top headlines today:b udget session,news
Resume tips for PM freshers,career
Government announces deucation reform,news
Try not to laugh challenge #23,entertainment
"Nykaa sale: 3% off today only, shop now",advertising
My 5-hour deep work routine 😱,productivity
"boAt sale: 37% off today only, shop now | what's new in python 7.0",advertising
Mumbai metro expansion: what we know so far 🤯,news
How I plan my week for maximum focus,productivity
Salary negotiation tips for new grads | TypeScript tutorial: geenrics,career
fluid mechanics full course for beginners,education
Match recap: KKR win thriller,sports
Mock interview: ML engineer system design round,career
cat hack you need #shorts #viral,short_form_video
Sponsored: try Nykaa free for 38 days,advertising
NPTEL week 23: fluid mechanics 🔥 | Best comedy sketches compilation 😱,education
Best comedy sketches compilation 🎉,entertainment
Top headlines today: budget session 🎉,news
thermodynamics full course for beginners 😂,education
Bets comedy sketches compilation,entertainment
BGMI ranked gameplay 24 kills,gaming
Best Valorant settings for 6 fps 😱,gaming
this trend is everywhere #reels,short_form_video
What happens next will blow your mnid 😂,clickbait
How I cracked Infosys internship 🔥,career
closures in TypeScript explained with code 🤯,technology
Best Valorant settings for 39 fps,gaming
MI vs SRH highlights | IPL 2024,sports
My 31-hour deep work routine,productivity
What's new in Go 18.0,technology
Story time: my first day at college,social
#shorts cat in 30 seconds 🤯,short_form_video
how i plan my week for maximum focus,productivity
How I cracked Amazon internship,career
Valornat speedrun world record attempt,gaming
resume tips for ml engineer freshers,career
wait for it #reels #fyp 🤯,short_form_video
Funniest gym moments of 2025 | How to solve microeconomics problems step by step,entertainment
36 secrets they don't want you to know | You won't believe what a famous actor did next!!!,clickbait
Best BGMI settings for 7 fps,gaming
Lecture 17: probability explained,education
MIT OpenCourseWare dynamic programming lecture 20,education
Doctors hate this gym secret,clickbait
Mumbai election results: what we know so far,news
NPTEL week 19: graph theory,education
government announces education reform,news
how i plan my week for maximum focus 🔥,productivity
CSK vs SRH highlights | IPL 2024 🔥,sports
Resume tips for SDE freshers 😱,career
MIT OpenCourseWare operating systems lecture 30,education
Free Fire ranked gameplay 1 kills 📚,gaming
closures in rust explained with code,technology
Weekend vibes with the gang,social
pomodoro study timer with lofi,productivity
Kohli century full innings 🎉,sports
Prank on my roommate gone hilarious 😱,entertainment
organic chemistry in one shot | revision notes,education
Best comedy sketches compilation 👀,entertainment
Mumbai monsoon floods: what we know so far 🎉 | CSK vs GT highlights | IPL 2025,news
BGMI funny moments montage | 2 secrets they don't want you to know,gaming
Sponsored: try Myntra free for 17 days,advertising
Let's play Free Fire part 23,gaming
Wedding season outfits ootd 🤯,social
MI vs DC highlights | IPL 2024,sports
Python tutorial: decorators 🎉,technology
Gill century full innings,sports
memory management in Java explained with code,technology
Amazon interview experience for ML engineer,career
Post-match press conference KKR,sports
Habits that fixed my time management 💯 | #shorts cat in 30 seconds 📚,productivity
Government announces tax reform 🤯,news
Kohli century full innings,sports
this trend is everywhere #reels 😱,short_form_video
Delhi election results: what we know so far,news
Use promo code SAVE25 at boAt,advertising
Post-match press conference MI 👀,sports
Sponsored: try boAt free for 32 days 🎉,advertising
"Nykaa sale: 27% off today only, shop now | Doctors hate this cooking secret",advertising
BGMI speedrun world record attempt,gaming
MIT OpenCourseWare thermodynamics lecture 3,education
Gill century full innings,sports
"Limited offer on Pixel, order now",advertising
go tutorial: closures,technology
iPhone review after 30 days 👀,technology
Birthday dump with friends,social
Throwback to Bengaluru trip,social
Salary negotiation tips for new grads,career
Sponsored: try Myntra free for 11 days,advertising
how i cracked google internship 🔥,career
SHOCKING truth about cooking EXPOSED | Minecraft speedrun world record attempt,clickbait
What happens next will blow your mind 😂,clickbait
Match recap: KKR win thriller,sports
Infosys interview experience for SDE,career
KKR vs SRH highlights | IPL 2026,sports
free fire ranked gameplay 2 kills,gaming
CSK vs PBKS highlights | IPL 2024 😱,sports
Match recap: RCB win thriller 🎉,sports
NPTEL week 7: organic chemistry 🔥,education
Top headlines today: metro expansion,news
"limited offer on galaxy, order now",advertising
Birthday dump with frineds,social
Free Fire speedrun world record attempt 🤯,gaming
My 13-hour deep work routine,productivity
"wait fori t #reels #fyp | Limited offer on Galaxy, order now",short_form_video
async await in Java explained with code,technology
Weekend vibes with the gang,social
Post-match press conference MI 🎉,sports
Free Fire funny moments montage 🎉,gaming
Free Fire funny moments montage,gaming
You won't believe what a popular YouTuber did next!!!,clickbait
a popular YouTuber reacts to cat,entertainment
How I cracked Flipkart internship | Best Free Fire settings for 25 fps 😂,career
KKR vs DC highlights | IPL 2026,sports
"Limited offer on Galaxy, order now",advertising
Top headlines today: budget session,news
class 18 probability derivation and examples,education
My 31-hour deep work routine 🔥,productivity
Lecture 34: probability explained,education
"nykaa sale: 28% off today only, shop now",advertising
POV: exam tomorrow #shorts 👀 | nptel week 5: microecoonmics,short_form_video
salary negotiation tips for new grads | Doctors hate this cooking secret,career
"Limited offer on iPhone, order now 🤯",advertising
Notion template for PMs,productivity
Weekend vibes wtih the gang 😱,social
class 11 dynamic programming derivation and examples,education
Breaking: monsoon floods live updates | How I plan my week for maximum focus,news
Government announces health reform 📚,news
BGMI ranked gameplay 2 kills,gaming
Salary negotiation tips for new grads,career
pant century full innings,sports
salary negotiation tips for new grads,career
Go tutorial: memory management,technology
wait for it #reels #fyp 👀,short_form_video
Mock interview: data analyst system design round,career
"boAt sale: 13% off today only, shop now 🤯",advertising
Building a recommendation engine with Java,technology
match recap: kkr win thriller,sports
Infosys interview experience for SDE,career
Doctors hate this exam secret,clickbait
Habits that fixed my time management 🔥,productivity
"Limited offer on iPhone, order now 💯",advertising
galaxy review after 30 days 🤯,technology
My 9-hour deep work routine,productivity
Prank on my roommate gone hilarious,entertainment
Pomodoro study timer with lofi 📚,productivity
pov: exam tomorrow #shorts,short_form_video
birthday dump with friends,social
wait for it #reels #fyp,short_form_video
Match recap: RCB win htriller 📚,sports
Throwback to Kolkata trip 📚,social
Use promo code SAVE25 at boAt,advertising
async await in Go explained with code 💯,technology
wait for it #reels #fyp,short_form_video
Let's play BGMI part 27 👀,gaming
SHOCKING truth about cricket EXPOSED,clickbait
Prank on my roommate gone hilarious,entertainment
Salary negotiation tips for new grads 🤯,career
27 secrets they don't want you to know,clickbait
Weekend vibes with the gang,social
"Limited offer on OnePlus, order now",advertising
Python tutorial: closures,technology
What happens next will blow your mind,clickbait
POV: first day at college #shorts,short_form_video
Habits that fixed my time management,productivity
Resume tips for SDE freshers,career
"myntra sale: 11% off today only, shop now",advertising
Habits that fixed my time management 🎉,productivity
Bengaluru monsoon floods: what we know so far,news
#shorts cooking in 30 seconds,short_form_video
Minecraft ranked gameplay 31 kills,gaming
KKR vs DC highlights | IPL 2025,sports
Pant cetnury full innings,sports
My 37-hour deep work routine,productivity
16 secrets they don't awnt you to know,clickbait
Throwback to Mumbai trip,social
gym hack you need #shorts #viral 😂,short_form_video
Use promo code SAVE10 at Myntra,advertising
shocking truth about cooking exposed,clickbait
closures in python explained with code,technology
government announces health reform 😱 | Resume tips for PM freshers,news
Use promo code SAVE12 at Myntra,advertising
"Myntra sale: 27% off today only, shop now 🔥",advertising
Kohli century full innings,sports
what's new in go 33.0 📚,technology
Top headlines today: metro expansion 🤯,news
Birthday dump with friends,social
SHOCKING truth about exam EXPOSED 😱 | Amazon interview experience for DSE,clickbait
My 38-hour deep work routine,productivity
Doctors hate this office secret,clickbait
Government announces education reform,news
Birthday dump with friends,social
How I plan my week for maximum focus,productivity
Class 33 thermodynamics derivation and examples,education
this trend is everywhere #reels,short_form_video
How I plan my week for maximum focus 💯,productivity
Lecture 18: prboability explained 📚,education
"Limited offer on iPhone, order now",advertising
You won't believe what a famous actor did next!!!,clickbait
Birthday dump with friends,social
You won't believe what a famous actor did next!!! | Doctors hate this office secret,clickbait
wait ofr it #reels #fyp,short_form_video
Lecture 32: linear algebra explained 😂,education
top headlines today: monsoon floods,news
You won't believe what a pop star did next!!! 🎉,clickbait
top headlnies today: metro expansion,news
Top headlines today: election results,news
What happens next will blow your mind 😱,clickbait
Placement preparation roadmap 2026,career
my 2-hour deep work routine 💯,productivity
Throwback to Mumbai trip,social
this trend is everywhere #reels,short_form_video
"Limited offer on OnePlus, order now 🔥",advertising
You won't believe what a famous actor did next!!! 👀,clickbait
BGMI funny moments montage 🎉,gaming
Government announces tax reform,news
Best comedy sketches compilation,entertainment
#shorts gym in 30 seconds,short_form_video
Building a URL shortener with Go,technology
habits that fixed my time management 🎉,productivity
Let's play Valorant part 28 📚,gaming
Notion template for data analysts,productivity
"Limited offer on iPhone, order now",advertising
"boAt sale: 34% off today only ,shop now",advertising
wait for it #reels #fyp,short_form_video
#shorts gym in 30 seconds 😂,short_form_video
salary negotiation tips for new grads,career
story time: my first day at college,social
Match recap: MI win thriller,sports
you won't believe what a popular youtuber did next!!!,clickbait
Let's play Valorant part 19 🔥,gaming
POV: first day at college #shorts 🤯,short_form_video
Use promo code SAVE20 at boAt,advertising
"myntra sale: 11% off today only, shop now 🤯",advertising
Sponsored: try boAt free for 29 days,advertising
What happens next will blow your mind 💯,clickbait
Government announces education reform,news
post-match press conference mi,sports
this trend is everywhere #reels 😱 | Google interview experience for SDE,short_form_video
NPTEL week 26: dynamic programming,education
iPhone review after 30 days 📚 | mumbai budget session: what we know so far,technology
Top 10 goals of the La Liga season,sports
How to solve linear algebra problems step by step,education
Pixel review after 30 days,technology
What happens next will blow your mind,clickbait
NPTEL week 37: control systems,education
how to solve fluid mechanics problems step by step,education
My 6-hour deep work routine,productivity
What's new in Rust 20.0,technology
Salary negotiation tips for new grads | What happens next will blow your mind 📚,career
Birthday dumpw ith friends,social
Salary negotiation tips for new grads 😂,career
Pixel review after 30 days 😂,technology
"boAt sale: 9% off today only, shop now",advertising
SHOCKING truth about gym EXPOSED,clickbait
Java tutorial: async aawit | Free Fire speedrun world record attempt,technology
Government announces tax reform 😂,news
Building a chat app with TypeScript,technology
"boAt sale: 26% off today only, shop now 🔥",advertising
How I plan my week for maximum focus,productivity
Breaking: monsoon floods live updates 😂,news
Lecture 31: fluid mechanics explained 📚,education
Birthday dump with friends 💯,social
Placement preparation roadmap 2025 🎉,career
memory management in Go explained with code,technology
use promo code save8 at nyaka,advertising
Best Free Fire settings for 7 fps,gaming
Placement preparation roadmap 2024,career
How to solve fluid mechanics problems step by step,education
Free Fire ranked gameplay 31 kills,gaming
#shorts cooking in 30 seconds,short_form_video
a popular YouTuber reacts to cooking,entertainment
What happens next will blow your mind,clickbait
POV: first day at college #shorts,short_form_video
POV: your mom finds your phone #shorts 😂,short_form_video
"Government announces health reform | Myntra sale: 35% off today only, shop now",news
Use promo code SAVE4 at boAt | Deploying portfolio site on Kubernetes 😱,advertising
office hack you need #shorts #viral | this trend is everywhere #reels,short_form_video
Post-match press conference RCB,sports
Pant century full innings,sports
My 20-hour deep work routine,productivity
#shorts cat in 30 seconds,short_form_video
Habits that fixed my time management 📚,productivity
try not to laugh challenge #15,entertainment
Class 13 organic chemistry deirvation and examples 😱,education
"Limited offer on OnePlus, order now 📚",advertising
How to solve fluid mechanics problems step by step 😱,education
Funniest cooking moments of 2026,entertainment
Delhi monsoon floods: what we know so far,news
probability in one shot | revision notes,education
Top headlines today: budget session,news
Throwback to Bengaluru trip 💯 | Amazon interview experience for PM,social
Weekend vibes with the gang,social
You won't believe what a pop star did next!!! 👀 | this trend is everywhere #reels,clickbait
Top headlines today: metro expansion | Minecraft funny moments montage,news
CSK vs SRH highlights | IPL 2025,sports
Birthday dump with friends,social
MI vs SRH highlights | IPL 2024,sports
Doctors hate this exam secret 📚,clickbait
Throwback to Kolkata trip | Weekend vibes with the gang 👀,social
Mock interview: SDE system design round | What's new in TypeScript 18.0,career
5 secrets they don't want you to know 🔥,clickbait
top 10 goals of the premier league season 👀,sports
Post-match press conference RCB 🔥,sports
Valorant speedrun world record attempt,gaming
Best Free Fire settings for 24 fps,gaming
Mumbai election results: what we know so far,news
BGMI funny moments montage 📚,gaming
minecraft funny moments montage,gaming
Government announces health reform,news
Post-match press conference RCB 🔥,sports
Salary negotiation tips for new grads,career
Best Minecraft settings for 33 fps 😂 | throwback to kolkata trip,gaming
"Prank on my roommate gone hilarious | boAt sale: 4% off today only, hsop now",entertainment
how i plan my week for maximum focus,productivity
Try not to laugh challenge #36 👀,entertainment
Mock interview: SDE system design round,career
a famous actor new movie trailer reaction 😂,entertainment
Habits that fixed my time management,productivity
Placement preparation roadmap 2026 😂,career
Wedding season outfits ootd 📚,social
Match recap: CSK win thriller | go tutorial: async await,sports
"myntra sale: 22% off today only, shop now | Weekend vibes with the gang",advertising
use promo code save10 atb oat,advertising
Throwback to Mumbai trip,social
Government announces health reform,news
Placement preparation roadmap 2026,career
what's new in rust 16.0,technology
"limited offer on oneplus, order now 😂",advertising
Story time: my first day at college | probability in one shot | revision notes,social
"Nykaa sale: 17% off today only, shop now",advertising
MIT OpenCourseWare graph theory lecture 34,education
Pomodoro study timer with lofi,productivity
NPTEL week 25: probability,education
"Myntra sale: 5% off today only, shop now 🔥",advertising
use promo code save1 at nykaa 🎉,advertising
habits thatf ixed my time management,productivity
Doctors hate this office secret 🔥,clickbait
"boAt sale: 27% off today only, shop now",advertising
What's new in Java 15.0 💯,technology
Best Valorant settings for 39 fps,gaming
#shorts cat in 30 seconds,short_form_video
Match recap: KKR win thriller,sports
story time: my exam tomorrow | Valorant funny moments montage,social
Placement preparation roadmap 2026,career
Weekend vibes witht he gang,social
#shorts cooking in 30 seconds,short_form_video
wait for it #reels #fyp 🔥,short_form_video
Breaking: metro expansion live updates,news
POV: your mom finds your phone #shorts 🤯,short_form_video
Resmue tips for ML engineer freshers,career
Government announces tax reform,news
Bengaluru election results: what we know so far,news
government announces health reform,news
"Limited offer on OnePlus, order now 🔥 | How I carcked Amazon internship",advertising
37 secrets they don't want you to know 👀,clickbait
Deploying URL shortener on Kubernetes 😂 | What's new in TypeScript 3.0,technology
resume tips for pm freshers,career
top headlines today: metro expansion,news
Google interview experience for ML engineer,career
Class 3 probability derivation and examples,education
cat hack you need #shorts #viral 🎉,short_form_video
Pant century full innings,sports
Weekend vibes with the gang,social
"Nykaa sale: 22% off today only, shop now | Breaking: metro expansion live updates",advertising
Free Fire funny moments montage,gaming
How I plan my week for maximum focus | Salary negotiation tips for new grads,productivity
How I plan my week for maximum focus | Explained: why metro expansion matters,productivity
Match recap: CSK win thriller,sports
Mock interview: SDE system design round 😱 | Let's play BGMI part 25,career
Placement preparation roadmap 2024 🎉,career
#shorts office in 30 seconds 🤯,short_form_video
"Limited offer on Pixel, odrer now",advertising
Weekend vibes with the gang 📚,social
Notion etmplate for PMs,productivity
Let's play Valorant part 26,gaming
Class 10 microeconomics derivation and examples,education
How I plan my week for maximum focus,productivity
operating systems full course for beginners 😱,education
Pomodoro study timer with lofi 🔥,productivity
try not to luagh challenge #29,entertainment
What happens next will blow your mind | use promo code save16 a tnykaa,clickbait
Go tutorial: memory management,technology
BGMI funny moments montage,gaming
"Nykaa sale: 4% off today only, shop now",advertising
Top 10 goals of the ISL season | Habits that fixed my time management 🤯,sports
Prank on my roommate gone hilarious 🤯,entertainment
Government announces health reform 🔥 | Mock interview: ML engineer system design round,news
Pomodoro study timer with lofi,productivity
Funniest gym moments of 2024,entertainment
Notion template for ML engineers,productivity
How I plan my week for maximum focus 📚,productivity
minecraft speedrun world record attempt,gaming
Match recap: MI win thriller,sports
#shorts exam in 30 seconds 🤯,short_form_video
a famous actor reacts to gym,entertainment
SHOCKING truth about gym EXPOSED,clickbait
Prank on my roommate gone hilarious,entertainment
Top headlines today: election results,news
Valorant speedrun world record attempt 😱,gaming
Best comedy sketches compilation 🤯,entertainment
Story time: my your mom finds your phone,social
Post-match press conference RCB,sports
Match recap: MI win thriller | NPTEL week 22: operating systems,sports
Delhi monsoon floods: what we know so far,news
Habits that fixed my time management,productivity
Explained: why metro expansion matters,news
How I cracked Microsoft internship,career
Minecraft funny moments montage,gaming
How to solve linear algebra problems step by step,education
you won't believe what a popular youtuber did next!!!,clickbait
how i plan my week for maximum focus,productivity
Use promo code SAVE5 at boAt,advertising
What happens next will blow your mind | valorant speedrun world record attempt,clickbait
my 36-hour deep work routine 😂,productivity
How I plan my week for maximum focus 😂,productivity
doctors hate this office secret 📚,clickbait
Government announces tax reform 🎉,news
a pop star new movie trailer reaction,entertainment
Breaking: election results live updates,news
"boat sale: 5% off today only, shop now",advertising
a famous actor new movie trailer reaction,entertainment
Prank on my roommate gone hilarious 💯,entertainment
Best Valorant settings for 10 fps,gaming
pixel review after 30 days,technology
What's new in Rust 37.0,technology
Government announces tax reform,news
a pop star new movie trailer reaction,entertainment
weekend vibe swith the gang,social
Top 10 goals of the La Liga season,sports
Let's play BGMI part 26,gaming
Top headlines today: election results 😱,news
You won't believe what a popular YouTuber did next!!!,clickbait
zomato interview experience for pm,career
wait for it #reels #fyp,short_form_video
Use promo code SAVE37 at Nykaa,advertising
Building a URL shortener with Java | Minecraft funny moments montage,technology
My 32-hour deep work routine 😂,productivity
Use promo code SAVE33 at boAt 🔥,advertising
Sponsored: try Nykaa free for 22 days,advertising
Story time: my first day at college,social
POV: exam tomorrow #shorts,short_form_video
Top headlines today: monsoon floods 🔥,news
Breaking: monsoon floods live updates,news
Postm-atch press conference RCB,sports
Explained: why metro expansion matters | nptel week 12: dynamic programming 😱,news
BGMI speedrun world record attempt,gaming
Explained: why metro expansion matters,news
story time: my first day at college,social
Use promo code SAVE11 at boAt,advertising
Doctors hate this cricket secret,clickbait
Delhi metro expansion: what we know so far,news
linear algebra in one shot | revision notes,education
What happens next will blow your mind 😱 | Let's play Minecraft part 39 😂,clickbait
MIT OpenCourseWare linear algebra lecture 7,education
"Limited offer on OnePlus, order now",advertising
cooking hack you need #shorts #viral 🔥 | Mumbai budget session: what we know so far 🔥,short_form_video
birthday dump with friends,social
SHOCKING truth about exam EXPOSED 🤯 | Weekend vibes with the gang,clickbait
Minecraft ranked gameplay 31 kills,gaming
a famous actor reacts to office,entertainment
wait for it #reels #fyp 🎉,short_form_video
Mock interview: ML engineer system design round,career
Wedding season outfits ootd,social
CSK vs GT highlights | IPL 2024 👀,sports
#shorts gym in 30 seconds,short_form_video
this trend is everywhere #reels,short_form_video
How I plan my week for maximum focus,productivity
What's new in Python 24.0 👀,technology
Pomodoro study timer with lofi,productivity
Go tutorial: async await 🔥 | Top 10 goals of the ISL season,technology
How I plan my week for maximum focus 🤯,productivity
Pant century full innings 💯,sports
Funniest gym moments of 2025,entertainment
Top 10 goals of the Premier League season 👀,sports
Placement preparation roadmap 2026,career
Story time: my exam tomorrow,social
How I cracked Amazon internship,career
BGMI speedrun world record attempt,gaming
Weekend vibes with the gang 💯 | Story time: my your mom finds your phone,social
class 21 linear algebra derivation and examples 📚,education
a pop star reacts to cooking 📚 | Try not to laugh challenge #35 🎉,entertainment
funniest cat moments of 2025,entertainment
You won't believe what a famous actor did next!!!,clickbait
TypeScript tutorial: memory maangement | Pomodoro study timer with lofi,technology
Weekend vibes with the gang 📚,social
Funniest cat moments of 2024 📚,entertainment
"limited offer on iphone, order now",advertising
Deploying portfolio site on Kubernetes 😱,technology
wait for it #reels #fyp 💯,short_form_video
Flipkart interview experience for SDE,career
What happens next will blow your mind,clickbait
Resume tips for SDE freshers,career
Top headlines today: monsoon floods,news
KKR vs GT highlights | IPL 2025 😂,sports
Habits that fixed my time management 🎉,productivity
Kolkata monsoon floods: what we know so far,news
microeconomics full course for beginners,education
"limited offer on pixel, order now 🎉",advertising
weekend vibes with the gang 🤯,social
galaxy review after 30 days,technology
How I cracked Google internship 📚,career
prank on my roommate gone hilarious 🤯 | use promo code save14 at nykaa,entertainment
Weekend vibes with the gang,social
Use promo code SAVE38 at Nykaa,advertising
wait for it #reels #fyp,short_form_video
Salary negotiation tips for new grads,career
MIT OpenCourseWare graph theory lecture 14 🔥,education
Mock interview: ML engineer system design round | You won't believe what a famous actor did next!!!,career
What happens next will blow your mind 🎉,clickbait
BGMI speedrun world record attempt,gaming
Best Minecraft settings for 6 fps,gaming
Minecraft funny moments montage 👀,gaming
Top 10 goals of the La Liga season,sports
Free Fire funny moments montage,gaming
Building a URL shortener with Python,technology
Wedding season outfits ootd 🔥,social
Deploying recommendation engine on Kubernetes,technology
How to solve thermodynamics problems step by step,education
Habits that fixed my time management 🎉,productivity
Top headlines today: monsoon floods | Top 10 goals of the Premier League season,news
weekend vibes with the gang 👀,social
My 13-hour deep work routine,productivity
SHOCKING truth about gym EXPOSED,clickbait
habits that fixed my time management,productivity
NPTEL week 17: organic chemistry,education
Weekend vibes with the gang,social
NPTEL week 17: probability 😱,education
Lecture 31: control systems explained,education
Valorant funny moments montage,gaming
"Limited offer on Pixel, order now 💯",advertising
this trend is everywhere #reels,short_form_video
post-match press conference csk,sports
gill century full innings 🔥,sports
How to solve operating systems problems step by step,education
Pant century full innings,sports
Prank on my roommate gone hilarious,entertainment
wait for it #reels #fyp,short_form_video
a pop star reacts to cat 😱,entertainment
Habits that fixed my time management,productivity
Wedding season outfits ootd,social
What's new in TypeScript 9.0,technology
pov: first day at college #shorts 🔥,short_form_video
Mniecraft ranked gameplay 24 kills,gaming
Prank on my roommate gone hilarious 😱,entertainment
wait for it #reels #fyp 😱,short_form_video
Best comedy sketches compilation,entertainment
Top headlines today: budget session 🎉,news
Top headlines today: budget session,news
Throwback to Delhi trip,social
Best comedy sketches compilation,entertainment
gym hack you need #shorts #viral 🎉,short_form_video
Lecture 20: graph theory explained,education
birthday dump with friends 🎉,social
Prank on my roommate gone hilarious,entertainment
operating systems full course for beginners,education
this trend is everywhere #reels,short_form_video
Pant cenutry full innings,sports
Notion template for SDEs,productivity
"Limited offer on Galaxy, order now",advertising
How I cracked Infosys internship 🔥,career
24 secrets they don't want you to know 😱,clickbait
pov: exam tomorrow #shorts,short_form_video
wait for it #reels #fyp,short_form_video
Whta's new in TypeScript 37.0,technology
wait for it #reels #fyp 🎉,short_form_video
Top headlines today: metro expansion,news
valorant speedrun world record attempt,gaming
wait for it #reels #fyp 😂,short_form_video
What happens next will blow your mind 😱,clickbait
How I plan my week for maximum focus 😂,productivity
Resume tips for data analyst freshers,career
linear algebra in one shot | revision notes,education
"limited offer on iphone, order now",advertising
wait for it #reels #fyp,short_form_video
gym hack you need #shorts #viral,short_form_video
story time: my first day at college | POV: your mom finds your phone #shorts,social
#shorts gym in 30 seconds,short_form_video
32 secrets they don' twant you to know,clickbait
RCB vs GT highlights | IPL 2026 💯,sports
Resume tips for SDE freshres | Birthday udmp with friends,career
Mock interview: data analyst system design round,career
Sponsored: try boAt free for 33 days,advertising
How I cracke dFlipkart internship,career
you won't believe what a pop star did next!!! 💯,clickbait
NPTEL week 8: organic chemistry,education
Funniest cooking moments of 2024 😂 | MIT OpenCourseWare operating systems lecture 9 👀,entertainment
Top headlines today: election results 🤯,news
Breaking: monsoon floods live updates,news
How to solve operating systems problems step by step 👀,education
lecture 34: fluid mechanics explained,education
Explained: why monsoon floods matters,news
Weekend vibes with the gang,social
Pomodoro study timer with lofi,productivity
best comedy sketches compilation,entertainment
Mock interview: ML engineer system design round,career
Story time: my your mom finds your phone,social
Post-match press conference MI 📚,sports
Funniest gym moments of 2026 | #shorts office in 30 seconds,entertainment
office hack you need #shorts #viral | free fire funny moments montage,short_form_video
What happens next will blow your mind 📚,clickbait
Kohli century full innings 📚 | Best Minecraft settings for 19 fps,sports
class 25 fluid mechanics derivation and examples 😱,education
What happens next will blow your mind,clickbait
shocking truth about office exposed,clickbait
Doctors hate this exam secret 🎉,clickbait
Government announces health reform,news
You won't believe what a popular YouTuber did next!!! | match recap: kkr win thriller,clickbait
What's new in Rust 5.0 👀,technology
Use promo code SAVE12 at boAt 🎉,advertising
Use promo code SAVE10 a tMyntra,advertising
#shorts cooking in 30 seconds,short_form_video
Building a recommendation engine iwth Java,technology
Placement preparation roadmap 2024 📚,career
Deploying chat app on Kubernetes,technology
Try not to laugh challenge #8 📚,entertainment
Lecture 6: control systems explained,education
Birthday dump with friends,social
a famous actor reacts to exam 😂,entertainment
Breaking: budget session live updates,news
Deploying chat app on Kubernetes 🤯,technology
Notion template for SDEs 🤯,productivity
Pomoodro study timer with lofi | Mock interview: ML engineer system design round,productivity
Placement perparation roadmap 2024,career
Top 10 goals of the Premier League season,sports
#shorts cooking in 30 seconds,short_form_video
breaking: election results live updates,news
Notion template for data analysts,productivity
Minecraft funny moments montage,gaming
You won't beileve what a popular YouTuber did next!!!,clickbait
Funniest cricket moments of 2026 💯,entertainment
Explained: why budget session matters,news
How I plan my week for maximum focus,productivity
wait fro it #reels #fyp 😂,short_form_video
Prank on my roommate gone hilarious,entertainment
a popular YouTuber new movie trailer reaction,entertainment
Building a recommendation engine with Java | Match recap: KKR win thriller 💯,technology
BGMI ranked gameplay 15 kills,gaming
Funniest office moments of 2025 🤯,entertainment
POV: first day at college #shorts,short_form_video
"Limited offer on iPhone, order now 📚",advertising
this trend is everywhere #reels 💯,short_form_video
Pomodoro study timer with lfoi,productivity
Throwback to Bengaluru trip,social
let's play free fire part 36 😱 | You won't believe what a pop star did next!!!,gaming
Use promo code SAVE20 at Nykaa,advertising
BGMI speedrun world record attempt,gaming
How I plan my week for maximum focus,productivity
Habits that fixed my time management,productivity
"Limited offer on Pixel, order now",advertising
"Myntra sale: 28% off today only, shop now",advertising
Habits that fixed my time management,productivity
Class 9 thermodynamics derivation and examples 📚,education
NPTEL week 35: graph theory 📚,education
Doctors hate this office secret,clickbait
My 1-hour deep work routine 👀,productivity
Post-match press conference RCB | Sponsored: try Myntra free for 1 days,sports
"Limited offer on iPhone, order now",advertising
Notion template for data analysts 😱,productivity
Best BGMI settings for 3 fps,gaming
Delhi election results: what we know so far,news
a pop star new movie trailer reaction,entertainment
Match recap: CSK win thriller,sports
Salary negotiation tips for new grads,career
async await in Python explained with code,technology
Class 22 graph theory derivation and examples 🤯,education
Minecraft speedrun world record attempt 🔥,gaming
Best comedy sketches compilation,entertainment
Weekend vibes with the gang,social
exam hack you need #shorts #viral | SHOCKING truth about office EXPOSED 👀,short_form_video
Free Fire funny moments omntage,gaming
you won't believe what a famous actor did next!!!,clickbait
MIT OpenCourseWare control systems lecture 37,education
Match recap: KKR win thriller,sports
Prank on my roommate gone hilarious,entertainment
POV: first day at college #shorts 🎉 | Salary negotiation tips for new grads,short_form_video
Mock interview: PM system design round,career
Wedding season outfits ootd,social
"boAt sale: 3% off today only, shop now",advertising
Resume tips for PM freshers 🤯,career
Top headlines today: election results 🔥,news
try not to laugh challenge #35,entertainment
linear algebra in one shot | revision notes,education
16 secrets they don't want you to know,clickbait
How I plan my week for maximum focus,productivity
What happens next will blow your mind | 14 secrets they don't want you to know 😂,clickbait
generics in typescript explained with code,technology
Wedding season outfits ootd,social
a famous actor new movie trailer reaction | match recap: rcb win thriller 📚,entertainment
24 secrets they don't want you to know,clickbait
POV: your mom finds your phone #shorts,short_form_video
Mock interview: data analyst system design round 🎉,career
this trend is everywhere #reels,short_form_video
Best BGMI settings for 25 fps,gaming
Class 25 graph theory derivation and examples 🔥 | pant century full innings 😱,education
Try not to laugh challenge #38,entertainment
nptel week 28: organic chemistry 🔥,education
explained: why election results matters 🔥,news
How I plan my week for maximum focus,productivity
a pop star reacts to cooking,entertainment
async await in Go explained with code,technology
Doctors hate this office secret 💯,clickbait
Use prom ocode SAVE13 at Nykaa,advertising
You won't believe what a famous actor did next!!! 💯,clickbait
mock interview: data analyst system design round,career
a pop star new movie trailer reaction,entertainment
wait for it #reels #fyp | Let's play Free Fire part 33 🔥,short_form_video
How I cracked Zomato internship 😱,career
Salary negotiation tips for new grads,career
SHOCKING truth aobut cat EXPOSED,clickbait
What's new in Python 4.0 😱,technology
pov: your mom finds your phone #shorts,short_form_video
Notion template for SDEs,productivity
Lecture 32: microeconomics explained 🤯,education
wedding season outfits ootd,social
exam hack you need #shorts #viral 🎉,short_form_video
Best Valorant settings for 16 fps 😱,gaming
My 34-hour deep work routine,productivity
How to solve control systems problems step by step 🎉,education
You won't believe what a popular YouTuber did next!!!,clickbait
"Limited offer on OnePlus, order now",advertising
Wedding season outfits ootd 😱,social
How I plan my week for maximum focus,productivity
cooking hack you need #shorts #viral,short_form_video
MIT OpenCourseWare graph theory lecture 21,education
pov: your mom finds you rphone #shorts | building a url shortener with go 👀,short_form_video
#shorts gym in 30 seconds 🤯,short_form_video
How I plan my week for maximum focus,productivity
a pop star reacts to office,entertainment
Doctors hate this office secret,clickbait
My 13-hour deep work routine,productivity
Rust tutorial: closures,technology
Use promo code SAVE13 at Myntra,advertising
39 secrets they don't want you to know,clickbait
CSK vs SRH highlights | IPL 2026,sports
How I cracked Zomato internship,career
Delhi monsoon floods: what we know so far,news
Explained: why monsoon floods matters,news
Sponsored: try Nykaa free for 2 days,advertising
TypeScript tutorail: closures,technology
Best comedy sketches compilation,entertainment
Story time: my your mom finds your phone,social
Weekend vibes with the gang,social
Best comedy sketches compilation,entertainment
Mock interview: data analyst system design round 🔥,career
#shorts gym in 30 seconds 👀,short_form_video
mit opencourseware graph theory lecture 6 💯,education
Salary negotiation tips for new grads,career
Galaxy review after 30 days,technology
Use promo code SAVE38 at Myntra,advertising
#shorts office in 30 seconds,short_form_video
SHOCKING truth about cricket EXPOSED,clickbait
Delhi metro expansion: what we know so far,news
how to solve microeconomics problems step by step 📚,education
Mock interview: PM system design round 😱,career
Pomodoro study timer with lofi,productivity
Best comedy sketches compilation 🤯 | Match recap: KKR win thrliler,entertainment
fluid mechanics full course for beginners 🎉,education
Best Valorant settings for 34 fps,gaming
How I cracked Infosys internship 😂,career
Sponsored: try Nykaa free for 20 days 🔥,advertising
TypeScript tutorial: closures,technology
"Nykaa sale: 28% off today only, shop now | Pant cenutry full innings",advertising
Class 36 linear algebra derivation and examples 🔥,education
how to solve dynamic programming problems step by step,education
Delhi metro expansion: what we know so far,news
Try not to laugh challenge #24 🎉,entertainment
"Nykaa sale: 30% off today only, shop now",advertising
exam hack you need #shorts #viral 💯,short_form_video
Placement preparation roadmap 2026,career
mock interview: data analyst system design ronud,career
MIT OpenCourseWare linear algebra lecture 4 📚,education
Funniest gym moments of 2026 🎉,entertainment
Top headlines today: monsoon floods,news
Deploying recommendation engine on Kubernetes 📚 | Habits that fixed my time management 📚,technology
Gill century full innings,sports
Habits that fixed my time management,productivity
Top 10 goals of the La Liga season 😂,sports
Explained: why monsoon floods matters,news
What happens next will blow your mind | Doctors hate this cooking secret,clickbait
What happens next will blow your mind,clickbait
"Nykaa sale: 31% off today only, shop now",advertising
Sponsored: try boAt free for 17 days 😱,advertising
memory management in rust explained with code,technology
16 secrets they don't want you to know 💯,clickbait
"nykaa sale: 9% off today only, shop now",advertising
How to solve thermodynamics problems step by step,education
Explained: why budget session matters,news
BGMI speedrun world record attempt 🔥,gaming
Government announces health reform,news
Pant century full innings 🤯,sports
What happens netx will blow your mind 👀,clickbait
"Myntra sale: 10% off today only, shop now",advertising
Pomodoro study timer with lofi 👀,productivity
Weekend vibes with the gang,social
Sponsored: try boAt free for 9 days | Minecraft speedrun world record attempt,advertising
valorant speedrun world record attempt,gaming
this trend is everywhere #reels | Birthday dump with friends 💯,short_form_video
What's new in Java 38.0,technology
closures in Java explained with code,technology
Post-match press conference RCB,sports
BGMI funny moments montage,gaming
POV: your mom finds your phone #shorts 😂,short_form_video
office hack you need #shorts #viral,short_form_video
#shorts gym in 30 seconds,short_form_video
Lecture 10: fluid mechanics exlpained,education
throwback to bengaluru trip 😱,social
You won't believe what a famous actor did next!!!,clickbait
Match recap: MI win thriller | BGMI speedrun world record attempt 📚,sports
lecture 25: operating systems explaiend 🎉,education
placement preparation roadmap 2024,career
Resume tips for PM freshers 😱,career
2 secrets they don't want you to know 🔥,clickbait
Use promo code SAVE6 at Myntra,advertising
POV: exam tomorrow #shorts 🔥,short_form_video
explained: why election results matters 🎉,news
Breaking: monsoon floods live updates | 10 secrets they don't want you to know 🤯,news
Post-match press conference RCB | Placement preparation roadmap 2025 😂,sports
microeconomics full course for beginners | SHOCKING truth about office EXPOSED 🔥,education
Kolkata election results: what we know so far,news
Building a portfolio site with Go,technology
Placement preparation roadmap 2026,career
POV: first day at college #shorts,short_form_video
Habits that fixed my time management,productivity
How to solve probability problems step by step,education
NPTEL week 3: operating systems,education
post-match press conferenec kkr,sports
Kohli century full innings 🎉,sports
Weekend vibes with the gang 📚,social
my 22-hour deep work routine 👀,productivity
Galaxy review after 30 days 📚,technology
Let's play BGMI part 24,gaming
28 secrets they don't want you to know,clickbait
Google interview experience for SDE,career
SHOCKING truth about gym EXPOSED 😂,clickbait
How to solve fluid mechanics problems step by step 🎉,education
MIT OpenCourseWare control systems lecture 8,education
Placement preparation roadmap 2026,career
story time: my exam tomorrow | 30 secrets they don't want you to know 📚,social
10 secrets they don't want you to know,clickbait
Use promo code SAVE20 at Myntra,advertising
Wedding season outfits ootd,social
Valorant ranked gameplay 39 kills 📚,gaming
Google interview experience for ML engineer,career
How I cracked Flipkart internship 🔥,career
Class 13 graph theory derivation and examples,education
deploying chat app on kubernetes 🔥 | exam hack you need #shorts #viral 🤯,technology
story time: my first day at college 👀,social
Habits that fixed my time management 🤯,productivity
Use promo code SAVE39 at Myntra,advertising
Resume tips for PM freshers | a pop star new movie trailer reaction,career
nptel week 23: organic chemistry,education
Best comedy sketches compilation,entertainment
POV: your momf inds your phone #shorts,short_form_video
Top 10 goals of the Premier Leagu eseason,sports
funniest gym moments of 2025,entertainment
Zomato interview experience for ML engineer,career
RCB vs SRH highlights | IPL 2024,sports
Top 10 goals of the ISL season,sports
What's new in Rust 32.0,technology
weekend vibesw ith the gang,social
post-match press conference mi 🤯 | KKR vs SRH highlights | IPL 2026 📚,sports
Sponsored: try boAt free for 27 days,advertising
Funniest office moments of 2026 🎉,entertainment
Use promo code SAVE24 at boAt,advertising
My 27-hour deep work routine 📚,productivity
this trend is everywhere #reels 🤯,short_form_video
cat hack you need #shorts #viral,short_form_video
a famous actor new movie trailer reaction,entertainment
a popular youtuber reacts to cat 😱,entertainment
26 secrets they don't want you to know,clickbait
You won't believe what a famous actor did next!!! 😱,clickbait
Doctors hate this gym secret 👀 | Delhi monsoon floods: what we know so far 🤯,clickbait
Story time: my first day at college,social
Sponsored: try Myntra free for 39 days,advertising
breaking: election results live updates,news
#shorts gym in 30 seconds,short_form_video
How I plan my week for maximum focus,productivity
Top headlines today: election results,news
Habits that fixed my time management,productivity
throwback to delhi trip 💯,social
Mock interview: SDE system design round | Use promo code SAVE37 at Nykaa,career
this trend is everywhere #reels | what happens next will blow your mind 🎉,short_form_video
Placement preparation roadmap 2026 🤯,career
Java tutorial: async await,technology
my 32-hour deep work routine,productivity
#shorts gym in 30 seconds 🤯,short_form_video
Top 10 goals of the La Liga season,sports
government announces health reform,news
Birthday dump with friends,social
gym hack you need #shorts #viral,short_form_video
KKR vs DC highlights | IPL 2024 🎉,sports
linear algebra in one shot | revision notes,education
NPTEL week 5: thermodynamics 🤯,education
funniest gym moments of 2026 👀,entertainment
Building a recommendation engine with Python 😱 | Salary negotiation tips for new grads,technology
Wedding season outfits ootd,social
31 secrets they don't want you to know,clickbait
Wedding season outfits ootd 👀,social
Post-match press conference RCB,sports
best minecraft settings for 29 fps,gaming
Minecraft ranked gameplay  1kills,gaming
Flipkart interview experience for PM 😂,career
What's new in Rust 2.0,technology
MI vs GT highlights | IPL 2026,sports
Top headlines today: metro expansion,news
Ntoion template for PMs,productivity
Valorant funny moments montage 💯,gaming
How to solve thermodynamics problems step by step,education
What happens next will blow your mind | mock interview: ml engineer system design round,clickbait
Building a chat app with TypeScript,technology
Python tutorial: closures,technology
My 25-hour deep work routine,productivity
How I plan my week for maximum focus 💯 | Lecture 27: thermodynamics explained,productivity
Let's play Free Fire part 16,gaming
this trend is everywhere #reels,short_form_video
Prank on my roommate gone hilarious,entertainment
top 10 goals of the premier league season,sports
What's new in TypeScript 1.0,technology
weekend vibes with the gang,social
funniest exam moments of 2025 😂,entertainment
What happens next will blow your mind | this trend is everywheer #reels 🔥,clickbait
Class 37 linear algebra derivation and examples,education
Try not to laugh challenge #22 👀,entertainment
POV: your mom finds your phone #shorts | Story time: my first day at college,short_form_video
rcb vs pbks highlights | ipl 2026,sports
Gill century full innings,sports
Government announces health reform,news
dynamic programming in one shot | revision notes 🎉 | let's play valorant part 28,education
Best comedy sketches compilation 😂,entertainment
"Nykaa sale: 11% off today only, shop now | Class 33 fluid mechanics derivation and examples",advertising
top 10 goals of the al liga season,sports
Best comedy sketches compilation | NPTEL week 18: linear algerba,entertainment
How I plan my week for maximum focus | Notion template for PMs,productivity
Building a recommendation engine with Python | #shorts cooking in 30 seconds,technology
Building a recommendation engine with Java,technology
Breaking: election results live updates 🔥,news
memory management in TypeScript explained with code | Deploying recommendation engine on Kubernetes,technology
a popular YouTuber reacts to gym 💯,entertainment
Valorant funny moments montage | this trend is everwyhere #reels,gaming
Top 10 goals of the ISL season,sports
Best Free Fire settings for 17 fps | Top headlines today: election results,gaming
Weekend vibes with the gang,social
Resume tips for ML engineer freshers,career
POV: exam tomrorow #shorts 🔥 | Bengaluru election results: what we know so far,short_form_video
#shorts cricket in 30 seconds 🤯,short_form_video
POV: exam tomorrow #shorts,short_form_video
Best comedy ksetches compilation,entertainment
Use promo code SAVE13 at Myntra 😱,advertising
My 15-hour deep work orutine,productivity
Habits that fixed my time management,productivity
Weekend vibes with the gang 😂,social
microeconomics full course for beginners 👀,education
TypeScript tutorial: closures | Flipkart interview experience for ML engineer,technology
wiat for it #reels #fyp | Building a recommendation engine with Go 📚,short_form_video
MIT OpenCourseWare graph theory lecture 9,education
building a portfolio site with python,technology
Sponsored: try Nykaa free for 21 days 🎉,advertising
Top 10 gaols of the La Liga season,sports
RCB vs PBKS highlights | IPL 2026,sports
top headlines today: budget session,news
this trend is everywhere #reels 😱,short_form_video
Top 10 goals of the ISL season,sports
this trend is everywhere #reels,short_form_video
How I plan my week for maximum focus,productivity
MIT OpenCourseWare probability lecture 5,education
Google interview experience for SDE,career
You won't believe what a famous atcor did next!!!,clickbait
"boat sale: 5% off today only, shop now 💯",advertising
Best comedy sketches compilation 🤯,entertainment
Resum etips for PM freshers 💯,career
Doctors hate this exam secret,clickbait
Pxiel review after 30 days,technology
Funniest cooking moments of 2024 | you won't believe what a famous actor did next!!! 😂,entertainment
KKR vs DC highlights | IPL 2026,sports
Best Valorant settings for 37 fps,gaming
"Myntra sale: 11% off today only, shop now",advertising
Use promo code SAVE12 at Myntra 👀 | cooking hack you need #shorts #viral,advertising
Best comedy sketches compilation,entertainment
Breaking: metro expansion live updaets 🔥 | Use promo code SAVE23 at Nykaa,news
Explained: why metro expansion matters,news
Placement preparation roadmap 2024 👀,career
Best comedy sketches compilation,entertainment
Deploying recommendation engine on Kubernetes,technology
a popular YouTuber reacts to exam,entertainment
Mock interview: SDE system edsign round,career
Deploying URL shotrener on Kubernetes,technology
"Nykaa sale: 7% off today only, shop now 📚",advertising
Story time: my first day at college,social
Habits that fixed my time management,productivity
"Nykaa sale: 29% off today only, shop now",advertising
Birthday dump with friends,social
typescript tutorial: decorators,technology
Breaking: monsoon floods live updates | SHOCKING truth about office EXPOSED,news
mock interview: pm system design round,career
matc hrecap: csk win thriller | Doctors hate this cricket secret,sports
you won't believe what a pop star did next!!!,clickbait
Top headlines today: election results,news
use promo code save13 at nykaa,advertising
How I plan my week for maximum focus,productivity
You won't believe what a famous actor did next!!!,clickbait
Explained: why metro expansion matters,news
Government announces education reform,news
"boAt sale: 37% off today only, shop now",advertising
Let's play Minecraft part 20,gaming
CSK vs DC highlights | IPL 2026,sports
Class 36 graph theory derivation and examples,education
Mock intervie:w PM system design round,career
How to solve control systems problems step by step | this trend is everywhere #reels 😂,education
You won't believe what a famous actor did next!!!,clickbait
Let's play Free Fire part 28,gaming
"nykaa sale: 18% off today only, shop now 😱",advertising
Deploying recommendation engine on Kubernetes 😂,technology
Placement preparation roadmap 2025 💯,career
BGMI speedrunw orld record attempt,gaming
#shorts cricket in 30 seconds 🤯,short_form_video
How I plan my week for maximum focus 🔥,productivity
iPhone rveiew after 30 days,technology
Bengaluru budget session: what we know so far | my 26-hour deep work routine 🎉,news
Galaxy review after 30 days,technology
MIT OpenCourseWare probability lecture 29,education
Let's play Minecraft part 33 🔥,gaming
mit opencourseware organic chemistry lecture 30,education
Post-match press conference MI 📚,sports
TypeScript tutorial: memory management,technology
Sponsored: try boAt free for 17 days,advertising
Resume tips for PM freshers,career
Breaking: monsoon floods live updates,news
MIT OpenCuorseWare operating systems lecture 35,education
My 32-hour deep work routine 👀,productivity
Birthday dump with friends,social
notion template for pms 👀,productivity
Mock interview: data analyst system design round,career
Valorant funny moments montage | What's new in Java 15.0 🔥,gaming
class 16 microeconomics derivation and examples 🤯,education
Let's play BGMI part 13,gaming
Pixel review after 30 days | Placement preparation roadmap 2024 😂,technology
Funniest cricket moments of 2024,entertainment
Mock interview: ML engineer system design round 🔥,career
Best comedy sketches compilation,entertainment
Building a portfolio site with Java,technology
Sponsored: try Myntra free for 25 days 😱,advertising
government announces education reform 💯,news
Resume tips for ML engineer freshers,career
Gill century full innings 👀,sports
what happens next will blow your mind 😱,clickbait
MIT OpenCourseWare microeconomicsl ecture 25,education
a famous actor reacts to gym,entertainment
Kohli century full innings 📚,sports
Salary negotiation tips for new grads,career
Use promo code SAVE30 at boAt | BGMI speedrun world record attempt,advertising
Post-match press conference RCB,sports
Bengaluru monsoon floods: what we know so far,news
Salary negotiation tips for new grads,career
Post-match press conference RCB,sports
Resume tips for ML engineer freshers 😂,career
decorators in go expalined with code 😱,technology
pomodoro study timer with lofi 😂,productivity
Doctors hate this gym secret,clickbait
Building a portfolio site with Java 🤯,technology
a pop star reacts to cricket 👀,entertainment
Notion template for SDEs 💯,productivity
MI vs GT highlights | ILP 2025,sports
Pomodoro study timer with lofi 🎉,productivity
Weekend vibes with the gang,social
"Myntra sale: 33% off today only, shop now",advertising
Government announces health reform,news
Mock interview: data analyst system design round,career
Lecture 2: probability explained,education
try not to laugh challenge #37,entertainment
Galaxy review after 30 days,technology
Resume tips for PM freshers,career
NPTEL week 4: organic chemistry,education
memory management in Java explained with code,technology
a popular YouTuber new movie trailer reaction | this trend is everywhere #reels 📚,entertainment
Let's play Free Fire part 14 🤯,gaming
closures in Python explained with code,technology
POV: first dya at college #shorts,short_form_video
Zomato interview experience for data analyst 📚,career
a famous actor new movie trailer reaction,entertainment
Valorant speedrun world record attempt,gaming
wedding season outfits ootd,social
Funniest exam moments of 2026 🎉,entertainment
Placement preparation roadmap 2026,career
Top headlines today: election results 😂,news
government announces education reform 🤯,news
RCB vs GT highlights | IPL 2026,sports
Top headlines today: monsoon floods,news
fluid mechanics in one shot | revision notes,education
best comedy sketches compilation,entertainment
How I plan my week for maximum focus,productivity
a pop satr reacts to cooking,entertainment
Government announces healht reform 😂,news
match recap: rcb win thriller | Birthday dump with friends,sports
Top 10 goals of the ISL season 😱,sports
Throwback to Mumbai trip,social
Bengaluru budget session: what we know so far 🔥,news
Salray negotiation tips for new grads 💯,career
cricket hack you need #shorts #viral 📚,short_form_video
Top headlines today: budget session | My 27-hour deep work routine,news
CSK vs SRH highlights | IPL 2025,sports
What happens next will blow your mind | MIT OpenCourseWare linear algebra lecture 26,clickbait
this trend is everywhere #reels 🔥,short_form_video
Salary negotiation tips for new grads,career
Resume tips for SDE freshers,career
My 4-hour deep work routine,productivity
How to solve graph theory problems step by step,education
My 34-hour deep work routine 🎉,productivity
Minecraft ranked gameplay 38 kills 📚,gaming
Best comedy sketches compilation,entertainment
How I cracked Microsoft internship,career
Doctors hate this gym secret 👀,clickbait
Match recap: CSK win thriller,sports
Funniest cat moments of 2024 | Let's play Minecraft part 15,entertainment
"boAt sale: 16% off today only, shop now",advertising
Match recap: RCB win thriller | placement preparation roadmap 2024,sports
Best comedy sketches compilation,entertainment
Match recap: KKR win thriller,sports
wait for it #reels #fyp,short_form_video
Government announces education reform,news
32 secrets they don't want you to know 😱 | Birthday dump with friends,clickbait
free fire funny moments montage,gaming
Breaking: metro expansion live updates,news
Throwback to Bengaluru trip,social
Salary negotiation tips for new grads,career
microsoft interview experience for data analyst,career
nptel week 32: fluid mechanics,education
Birthday dump with friends,social
Let's play BGMI part 35,gaming
SHOCKING truth about gym EXPOSED 😂,clickbait
Galaxy review after 30 days | How I cracked Google internship,technology
Wedding season outfits ootd,social
Wedding season outfits ootd,social
Funniest gym moments of 2026,entertainment
Lecture 6: probability explained,education
lecture 18: probability explained,education
"nykaa sale: 38% off today only, shop now 👀",advertising
Prank on my roommate gone hilarious,entertainment
this trend is everywhere #reels,short_form_video
a popular YouTuber new movie trailer reaction,entertainment
What's new in TypeScript 12.0,technology
Let's play Minecraft part 39,gaming
Mock interview: ML engineer system design round 👀,career
"Limited offer on Galaxy, order now | Free Fire ranked gameplay 4 kills",advertising
#shorts cat in 30 seconds,short_form_video
NPTEL week 24: dynamic programming,education
Notion template for PMs 🔥,productivity
36 secrets they don't want you to know,clickbait
Habits that fixed my time management,productivity
10 secrets they don't want you to know,clickbait
"Myntra sal:e 20% off today only, shop now 👀",advertising
Try not to laugh challenge #8 😂,entertainment
"Limited offer on iPhone, order now",advertising
bgmi funny moments montage,gaming
Match ercap: KKR win thriller | Resume tips fro PM freshers,sports
Weekend vibes with the gang 🎉,social
"Limited offer on OnePlus, order now",advertising
Class 14 graph theory derivation and examples,education
story time: my first day at college 🤯,social
You won't believe what a famous actor did next!!! 🎉,clickbait
Pant century full innings,sports
Fnuniest exam moments of 2024 | Kohli century full innings 👀,entertainment
Weekend vibes with the gang | Try not to laugh challenge #9,social
Sponsored: try boAt free for 38 days,advertising
"Limited offer on Galaxy, order now",advertising
lecture 14: operating systems explained 🔥,education
closures in rust explained with code 💯,technology
Whta's new in Rust 33.0,technology
Government announces health reform 🔥,news
Python tutorial: decorators,technology
Wedding season outfits ootd 🔥,social
dynamic programming in one shot | revision notes,education
pov: your mom finds your phone #shorts 🤯,short_form_video
RCB vs DC highlights | IPL 2025 🎉,sports
Let's play BGMI part 31,gaming
"Limited offer on iPhone, order now",advertising
How I cracked Flipkart internship,career
Explained: why metro expansion matters,news
toph eadlines today: monsoon floods 😱,news
How I cracked Microsoft internship 📚,career
Free Fire speedrun world record attempt,gaming
Best BGMI settings for 24 fps 😂,gaming
operating systems in one shot | revision notes,education
this trend is everywhere #reels,short_form_video
wait for it #reels #fyp,short_form_video
doctors hate this exam secret,clickbait
Let's play Valorant part 18,gaming
20 secrets they don't want you to know 🎉,clickbait
Use promo code SAVE12 at Nykaa 🔥,advertising
Top 10 goals of the La Liga season 💯,sports
Gill century full innings,sports
Building a recommendation engine with TypeScript | Top headlines today: metro expansoin,technology
Salary negotiation tips for new grads,career
What happens next will blow your mind,clickbait
Doctors hate this cat secret 💯,clickbait
Minecraft funny moments montage,gaming
Top headlines today: electionr esults,news
wedding season outfits ootd,social
Habits that fixed my time management | Explained: why election results matters 💯,productivity
My 5-hour deep work routine,productivity
probability in one shot | revision notes,education
SHOCKING truth about office EXPOSED,clickbait
Try not to laugh challenge #34 | You won't believe what a popular YouTuber did next!!!,entertainment
a famous actor reacts to office,entertainment
Explained: why election results matters,news
fluid mechanics in one shot | revision notes,education
Top 10 goals of the ISL season,sports
Post-match press conference RCB | Best Minecraft settings fo r23 fps,sports
How to solve operating systems problems step by step 🎉,education
Match recap: CSK win thriller 💯,sports
NPTEL week 2: microeconomics 🔥,education
habit sthat fixed my time management,productivity
"boAt sale: 33% off today only, shop now 💯",advertising
What's new in Go 35.0 😂,technology
Weekend vibes with the gang | Top 10 goals of the ISL season,social
Story time: my exam tomorrow,social
Free Fire speedrun world record attempt 🔥,gaming
Notion template for ML engineers 🎉,productivity
Placement preparation roadmap 2025,career
Explained: why monsoon floods matters,news
Notion template for ML engineers 🎉 | Throwback to Kolkata trip,productivity
Weekend vibse with the gang 😱,social
You won't believe what a popular YouTuber did next!!! 👀,clickbait
SHOCKING truth about gym EXPOSED,clickbait
My 11-hour deep work routine 📚,productivity
Resume tips for SDE freshers,career
Microsoft interview experience for SDE | Best Minecraft settings for 7 fps,career
Habits that fixed my time management,productivity
SHOCKING truth about cricket EXPOSED,clickbait
Government announces tax reform,news
Use promo code SAVE29 at Nykaa,advertising
Sponsored: try Nykaa free for 8 days 💯,advertising
NPTEL week 30: dynamic programming,education
Wedding season outfits ootd 😱,social
Valorant speedrun world record attempt,gaming
Doctors hate this exam secret 🤯,clickbait
Post-match press conference KKR,sports
delhi monsoon floods: what we know so far,news
Class 23 dynamic programming derivation and examples,education
POV: your mom finds your phone #shorts,short_form_video
Delhi budget session: what we know so far,news
Let's play Free Fire part 31,gaming
Delhi monsoon floods: what we know so far 👀,news
Notion template for data analysts 😂,productivity
Match recap: CSK win htriller,sports
#shorts gym in 30 secodns,short_form_video
Wedding season outfits ootd | POV: first day at college #shorts 🔥,social
fluid mechanics full course for beginners,education
Story time: my your mom finds your phone 😂,social
"Limited offer on OnePlus, order now",advertising
Top headlines today: budget session | #shorts gym in 30 seconds 🎉,news
Free Fire funny moments montage,gaming
NPTEL week 30: thermodynamics,education
Wedding season outfits ootd,social
Breaking: monsoon floods live updates 😂,news
"Limited offer on Galaxy, order now",advertising
Best Minecraft settings for 38 fps,gaming
You won't believe what a popular YouTuber did next!!!,clickbait
Top 10 goals of the Premier League season,sports
deploying portfolio site on kubernetes,technology
Valorant speedrun world record attempt 😂,gaming
Mumbai metro expansion: what we know so far,news
post-matchp ress conference mi 😂,sports
Throwback to Kolkata trip,social
Habits that fixed my time management 👀,productivity
wait for it #reels #fyp,short_form_video
throwback to mumbai trip,social
Pant century full innings 👀,sports
#shorts office in 30 seconds,short_form_video
Sponsored: try Nykaa free for 7 days,advertising
Funniest office moments of 2024,entertainment
Story time: my first day at college 👀,social
Placement preparation roadmap 2025 😂,career
Weekend vibes with the gang | Notion template for PMs,social
"wait for it #reels #fyp | boat sale: 21% off today only, shop now",short_form_video
Pomodoro study timer with lofi 😱,productivity
#shorts gym in 30 seconds,short_form_video
"Nykaa sale: 23% off today only, shop now",advertising
"Myntra sale: 25% off today only, shop now | BGMI funny moments montage",advertising
top 10 goals of the isl season 😂,sports
Best comedy sketches compilation,entertainment
Weekend vibes with the gang 🤯,social
"Myntra sale: 1% off today only, shop now",advertising
Post-match press conference KKR,sports
bengaluru metro expansion: what we know so far,news
Galaxy review after 30 days,technology
doctors hate this cooking secret,clickbait
"Limited offer on iPhone, order now",advertising
lecture 1: probability epxlained 🔥,education
Birthday dump with friends,social
what happens next will blow your mind 😱,clickbait
Salary negotiation tips for new grads,career
use promo code save25 at myntra,advertising
Funniest office moments of 2026 👀,entertainment
"Nykaa sale: 10% off today only, shop now",advertising
Throwback to Mumbai trip,social
wait for it #reels #fyp 🤯,short_form_video
Pmoodoro study timer with lofi,productivity
Funniest office moments of 2026 💯,entertainment
Free Fire funny moments montage,gaming
Pomodoro study timer with lofi 👀,productivity
Go tutorial: async await,technology
18 secrets they don't want you to know,clickbait
Use proom code SAVE36 at boAt 📚,advertising
"Myntra sale:1 5% off today only, shop now",advertising
"Limited offer on OnePlus, order now 👀",advertising
OnePlus review after 30 days 👀,technology
Resume tips for PM freshers 👀,career
POV: your mom finds your phone #shorts,short_form_video
Birthday dump with friends,social
Class 9 graph theory derivation and examples,education
Let's play BGMI part 11,gaming
Funniest cat moments of 2026,entertainment
mi vs srh highlights | ipl 2026 😂,sports
My 12-hour deep work routine 🤯,productivity
Resume tips for PM freshers,career
You won't believe what a popular YouTuber did next!!!,clickbait
Python tutorial: generics 👀,technology
You won't believe what a pop star did next!!!,clickbait
Placement preparation roadmap 2025,career
Sponsored: try Myntra free for 29 days 😱,advertising
Let's play Minecraft part 5,gaming
Use promo code SAVE39 at Nykaa 📚 | Sponsored: try Nykaa free for 38 days,advertising
"Limited offer on iPhone, order now",advertising
Weekend vibes with the gang,social
Breaking: election results live updates 💯,news
Habits that fixed my time management 📚,productivity
How I plan my week for maximum focus 🔥 | Deploying portfolio site on Kubernetes,productivity
Free Fire speedrun world record attempt 🎉,gaming
post-match press conference csk | Sponsored: try Nykaa free for 37 days 😱,sports
dynamic programming full course for beginners | Best comedy sketches compilation,education
Match recap: CSK win thriller | Deploying recommendation engine on Kubernetes 😱,sports
OnePlus review after 30 days,technology
POV: your mom finds your phone #shorts,short_form_video
My 12-hour deep work routine 💯,productivity
How to solve dynamic programming problems step by step,education
Best BGMI settings for 25 fps,gaming
Class 7 dynamic programming derivation and examples,education
Throwback to Mumbai trip 🤯,social
Top 10 goals of the ISL season 👀,sports
Notion template for data analysts 🔥,productivity
What happens next will blow your mind 🎉,clickbait
Doctors hate this exam secret 👀,clickbait
Pixel reivew after 30 days,technology
Wedding season outfits ootd,social
thermodynamics in one shot | rveision notes,education
MIT OpenCourseWare thermodynamics lecture 17,education
Best comdey sketches compilation,entertainment
a popular YouTuber reacts to cricket,entertainment
Rust tutorial: memory management 🔥,technology
Sponsored: try Nykaa free for 6 days 🔥,advertising
#shorts exam in 30 seconds,short_form_video
Explained: why election results matters 🤯,news
Story time: my first day at college 👀,social
Lecture 1: thermodynamics explained,education
How I plan my week for maximum focus 📚,productivity
story time: my first day at college 😱,social
Weekend vibes with the gang 🎉,social
Wedding season outfits ootd,social
Gill century full innings 📚,sports
Pant century full innings,sports
use promo code save27 at nykaa,advertising
a famous actor new movie trailer reaction,entertainment
best free fire settings for 11 fps,gaming
Java tutorial: memory management 🔥,technology
POV: first day at college #shorts | best comedy sketches compilation,short_form_video
cricket hack you need #shorts #viral,short_form_video
Throwback to Kolkata trip,social
"Delhi election results: what we know so far 🤯 | boAt sale: 12% off today only, shop now",news
this trend is everywhere #erels,short_form_video
closures in Python explained with code 📚,technology
Weekend vibes with the agng 📚,social
free fire ranked gameplay 18 kills,gaming
Notion template for ML engineers,productivity
lecture 31: thermodynamics explained | What happens next will blow your mind,education
iPhone review after 30 days,technology
Doctors hate this office secret,clickbait
Government announces health reform 👀 | Placement preparation roadmap 2026,news
Mock interview: SDE system design round | a famous actor new movie trailer reaction 🔥,career
Throwback to Kolkata trip 📚 | Minecraft ranked gameplay 4 kills,social
a pop star new movie trailer reaction,entertainment
Weekend vibes with the gang,social
iPhone review after 30 days 💯 | #shorts exam in 30 seconds,technology
MIT OpenCourseWare dynamic programming lecture 12 | Class 3 probability derivation and examples,education
story time: my your mom finds your phone,social
Match recap: KKR win thriller,sports
Valorant funny moments montage,gaming
dynamic programming in one shot | revision notes | Resume tpis for ML engineer freshers,education
Story time: my exam tomorrow | iPhone review after 30 days 😂,social
36 secrets they don't want you to know,clickbait
"Limited offer on Galaxy, order now",advertising
my 13-hour deep work routine,productivity
NPTEL week 24: control systems 🎉 | Deploying URL shortener on Kubernetes,education
doctors hate this cat secret,clickbait
Story time: my first day at ocllege,social
Lecture 33: fluid mechanics explained 😱,education
a pop star new movie trailer reaction 👀,entertainment
graph theory in one shot | revision notes,education
Pant century full innings,sports
Funniest office moments of 2025 😂,entertainment
CSK vs SRH highlights | IPL 2024,sports
"Nykaa sale: 27% off today only, shop now 📚",advertising
birthday dump with friends,social
Deploying recommendation engine on Kubernetes | wedding season outfits ootd,technology
SHOCKING truth baout office EXPOSED,clickbait
KKR vs PBKS highlights | IPL 2024 🎉,sports
Birthday dump with friends,social
How I plan my week for maximum focus 🎉,productivity
What's new in Python 36.0 😂,technology
wait for it #reels #fyp 🔥,short_form_video
Habits that fixed my time management,productivity
a famous actor new movie trailer reaction,entertainment
What happens next will blow your mind,clickbait
pant century full innings 😱,sports
Building a recommendation engine with Go,technology
What happens next will blow your mind 🎉,clickbait
Best BGMI settings for 29 fps 🎉,gaming
Doctors hate this office secret,clickbait
Match recap: KKR win thriller,sports
rcb vs gt highlights | ipl 2026,sports
Doctors hate this office secret,clickbait
Pant century full innings,sports
Let's play Minecraft part 1,gaming
BGMI funny moments montage,gaming
Post-match press conference KKR,sports
Free Fire ranked gameplay 32 kills 🔥,gaming
"Nykaa sale: 3% off today only, shop now",advertising
Mock interview: ML engineer system design round,career
a famous actor reacts to gym 👀,entertainment
Pomodoro sutdy timer with lofi,productivity
NPTEL week 14: dynamic programming,education
Best BGMI settings for 4 fps,gaming
MIT OpenCourseWare graph theory lecture 38,education
weekend vibes with teh gang | My 30-hour deep work routine,social
Use promo code SAVE29 at Myntra 🤯,advertising
#shorts office in 30 seconds,short_form_video
"Limited offer on Galaxy, order now 💯 | #shorts office in 30 seconds",advertising
Post-match press conference MI 🤯,sports
What's new in Rust 33.0,technology
POV: your mom finds your phone #shorts,short_form_video
Doctors hate this cricket secret,clickbait
NPTEL week 22: linear algebra,education
Gill century full innings,sports
best free fire settings for 9 fps,gaming
How I plan my week for maximum focus,productivity
Funniest exam moments of 2025,entertainment
1 5secrets they don't want you to know,clickbait
POV: your mom finds your phone #shorts,short_form_video
Use promo code SAVE17 at boAt 😂,advertising
33 secrets they don't want you to know 💯,clickbait
Google interview experience for SDE 😂,career
Post-match press conference RCB 🤯,sports
Top 10 goals of the La Liga season,sports
Breaking: metro expansion live updates 😂,news
Doctors hate thsi cricket secret 😱,clickbait
Birthdayd ump with friends,social
Lecture 14: control ysstems explained 🤯,education
control systems full course for beginners,education
Weekend vibes with the gang,social
weekend vibes with the gang,social
Weekend vibes with the gang,social
microeconomics full course for beginners | Government announces tax reform 😱,education
Resume tips for ML engineer freshers,career
18 secrets they don't want you to know 🤯,clickbait
"Limited offer on Pixel, order now",advertising
resume tips for ml engineer freshers,career
Explained: why budget session matters,news
How I plan my week for maximum focus,productivity
Use promo code SAVE35 at boAt 🤯,advertising
cat hack you need #shorts #viral,short_form_video
POV: exam tomorrow #shorts 📚,short_form_video
Java tutorial: generics 📚,technology
free fire speedrun world record attempt,gaming
this trend is everywhere #reels,short_form_video
Prank on my roommate gone hilarious,entertainment
Resume tips for PM freshers,career
Best Valorant settings for 12 fps,gaming
Top headlines today: metro expansion,news
"MIT OpenCourseWare organic chemistry lecture 32 | Limited offer on Galaxy, order now",education
Best Minecraft settings for 9 fps | What's new in Rust 7.0,gaming
Best comedy sketches compilation 📚 | async await in Go explained with code 🤯,entertainment
What's new in Rust 3.0 🎉,technology
Wedding season outfits ootd 🤯 | wait for it r#eels #fyp,social
a popular YouTuber reacts to cricket,entertainment
#shorts cat in 30 seconds,short_form_video
Use promo code SAVE1 at Myntra,advertising
Building a recommendation engine with TypeScript | this trend is everywhere #reels 🎉,technology
minecraft ranked gameplay 36 kills,gaming
Prank on my roommaet gone hilarious 🔥,entertainment
Weekend vibes with the gang 👀,social
Valorant funny moments montage | Sponsored: try Myntra free for 17 days,gaming
Minecraft speedrun world record attempt 👀,gaming
Valorant ranked gameplay 21 kills,gaming
a famous actor new movie trailer reaction,entertainment
Kohli century full innings,sports
gym hack you need #shorts #viral 🔥,short_form_video
Pixel review after 30 days 📚,technology
organic chemistry in one shot | revision notes,education
decorators in Rust explained with code,technology
How I plan my week for maximum focus | minecraft speedrun world record attempt,productivity
free fire funny moments montage,gaming
mock interview: data analyst system design round,career
Try not to laugh challenge #6 📚,entertainment
this trend is everywhere #reels,short_form_video
wait for it #reels #fyp,short_form_video
Weekend vibes with the gang,social
Best comedy sketches compilation,entertainment
let's play bgmi prat 20 💯,gaming
Mock interview: SDE system design round,career
MIT OpenCoruseWare dynamic programming lecture 3,education
You won't believe what a popular YouTuber did next!!!,clickbait
funniest cooking moments of 2026,entertainment
explained: why monsoon floods matters 📚,news
MI vs PBKS highlights | IPL 2024,sports
Doctors hate this gym secret,clickbait
Prank on my roommate gone hilarious,entertainment
Lecture 4: mciroeconomics explained,education
My 15-hour deep work routine 📚,productivity
Minecraft funny moments montage,gaming
Placement preparation roadmap 2025,career
how i plan my week for maximum focus,productivity
Funniest exam moments of 2024,entertainment
Salary negotiation tips for new grads 💯,career
Explained: why election results matters,news
Use promo code SAVE20 at boAt,advertising
BGMI funny moments montage,gaming
My 4-hour deep work routine,productivity
10 secrets they don't want yuo to know,clickbait
Birthday dump with friends 💯,social
Birthday dump with friends,social
Minecraft funny moments montage 👀,gaming
Top headlines today: election results 📚,news
Best comedy sketches compilation,entertainment
Pomodoro study timer with lofi | Match recap: KKR win thriller,productivity
Bets comedy sketches compilation,entertainment
deploying recommendation engine on kubernetes,technology
"Myntra sale: 4% off today only, shop now 😂 | BGMI speedrun world record attempt 💯",advertising
this trend is everywhere #reels,short_form_video
Best BGMI settings for 23 fps,gaming
memory management in go explainedw ith code,technology
Placement preparation roadmap 2026 😂,career
"Limited offer on OnePlus, order now 🔥 | Breaking: election results live updates",advertising
wait for it #reels #fyp,short_form_video
Breaking: election results live updates,news
Best comedy sketches compilation,entertainment
a famous actor reacts to office,entertainment
Resume tips for ML engineer freshers 😱 | Funniest exam moments of 2024,career
Doctors hate this office secret,clickbait
Prank on my roommate gone hilarious,entertainment
What's new in Go 11.0,technology
What happens next will blow your mind,clickbait
What's new ni Rust 8.0,technology
"Myntra sale: 34% off today only, shop now",advertising
"Nykaa sale: 14% off today only, shop now",advertising
decorators in Java explained with code | NPTEL week 30: dynamic programming,technology
Building a chat app with TypeScript,technology
birthday dump with friends,social
Government announces education reform 📚,news
Throwback to Mumbai trip,social
Bengaluru metro expansion: what we know so far 🤯,news
Mock interview: ML engineer system design round 🎉,career
Breaking: monsoon floods live updates,news
"boAt sale: 5% off today only, shop now 😂",advertising
galaxy review after 30 days,technology
What happens next will blow your mind,clickbait
Wedding season outfits ootd,social
notion template for sdes,productivity
Breaking: metro expansion live updates,news
Funniest gym moments of 2026,entertainment
What happens next will blow your mind,clickbait
Story time: my your mom finds your phone | Minecraft funny moments montage,social
Prank on my roommate gone hilarious,entertainment
Sponsored: try boAt free for 13 days 🎉,advertising
organic chemistry in one shot | revision notes 📚,education
How I cracked Amazon internship,career
"Post-match press conference CSK | Limited offer o niPhone, order now",sports
Notion template for PMs 💯,productivity
How I plan my week for maximum focus,productivity
Top headlines today: metro expansion 📚,news
My 31-hour deep work routine,productivity
a pop star new movie trailer reaction,entertainment
Doctors hate this office secret | Top 10 goals of the La Liga season,clickbait
decorators in Python explained with code,technology
Sponsored: try Nykaa free for 31 days,advertising
"Limited offer on OnePlus, order now",advertising
Habits that fixed my time management,productivity
Weekend vibes with the gang,social
How I cracked Microsoft internship,career
post-match press conference mi 💯,sports
How I plan my week for maximum focus,productivity
Use promo code SAVE2 at Nykaa,advertising
resume tips for pm freshers,career
OnePlus review after 30 days,technology
Wedding season outfits ootd,social
SHOCKING truth about cooking EXPOSED 🎉,clickbait
mock interview: sde system design round,career
You won't believe what a pop star did next!!! 😂,clickbait
Mumbai election results: what we know so far 💯 | Minecraft funny moments montage 🎉,news
Resume tips for SDE freshers 🤯 | Prank on my roommate gone hilarious,career
Top 10 goals of the Premier League season,sports
BGMI funny moments montage,gaming
Let's play BGMI part 31 😂,gaming
Microsoft interview experience for SDE 😂 | a pop star reacts to offiec 💯,career
a pop star new movie trailer reaction 🔥,entertainment
Gill century full innings,sports
Prank on my roommate gone hilarious 🔥,entertainment
Breaking: monsoon floods live updates,news
You won't believe what a famous actor did next!!! 🎉,clickbait
mit opencourseware control systems lecture 9 🎉,education
"myntra sale: 9% off today only, shop now",advertising
"boAt sale: 15% off today only, shop now 👀",advertising
Deploying portfolio site on Kubernetes 👀,technology
Wedding season outfits ootd 😂,social
POV: your mom finds your phone #shorts,short_form_video
Resume tips for data analyst freshers,career
this trend is everywhere #reels,short_form_video
Post-match press conference RCB 📚,sports
Placement preparation roadmap 2026,career
Best Valorant settings for 31 fps 👀,gaming
"limited offer on oneplus, order now 🎉 | Let's paly BGMI part 6 👀",advertising
"Myntra sale: 29% off today only, shop now",advertising
OnePlus review after 30 days | thermodynamics full course for beginners 🎉,technology
"best free fire settings for 26 fps | Myntra sale: 20% off today only, shop now 🔥",gaming
Pomodoro study timer with lofi | Doctors hate this gym secret,productivity
Gill century full innings | wait for it #reels #fyp 😱,sports
How I plan my week for maximum focus,productivity
this trend is everywhere #reels 🤯,short_form_video
Kolkata monsoon floods: what we know so far,news
Match recap: RCB win thriller,sports
Post-match press conference KKR 😂,sports
My 19-hour deep wokr routine 🔥,productivity
"Limited offer on Galaxy, order now",advertising
Best comedy sketches compilation,entertainment
"Nykaa sale: 10% off today only, shop now 🎉",advertising
doctors hate this cooking secret 🤯,clickbait
SHOCKING truth about cat EXPOSED,clickbait
match recap: csk win thriller,sports
Valorant ranked gameplay 1 kills 🔥,gaming
what happens next will blow your mind,clickbait
Minecraft funny moments montage,gaming
#shorts cat in 30 seconds 👀,short_form_video
What happens next will blow your mind | Minecraft funny moments montage,clickbait
Explained: why election results matters,news
KKR vs DC highlights | IPL 2024 🎉,sports
Salary negotiation tips for new grads,career
gym hack you need #shorts #viral,short_form_video
a famous actor reacts to gym,entertainment
"boAt sale: 12% off today only, shop now",advertising
Free Fire ranked gameplay 18 kills,gaming
NPTEL week 39: probability,education
Funniest cat moments of 2025 📚,entertainment
Java tutorial: memory management,technology
Top 10 goals of the Premier League season 😱,sports
a pop star reacts to exam 🔥,entertainment
Pomodoro study timer with lofi,productivity
MIT OpenCourseWare microeconomics lecture 35,education
Doctors hate this exam secret,clickbait
lecture 1: organic chemistry explained,education
Weekend vibes with the gang | Birthday dump with friends,social
My 1-hour deep work routine 😂,productivity
RCB vs DC highlights | IPL 2025 📚 | What happens next will blow your mind,sports
async await in Java explained with code 💯 | Habits that fixed my time management 🔥,technology
SHOCKING truth about gym EXPOSED 🤯,clickbait
RCB vs SRH highlights | IPL 2025 🎉,sports
Resume tips for SDE freshers 💯 | prank on my roommate gone hilarious,career
How I plan my week for maximum focus,productivity
shocking truth about cricket exposed,clickbait
Government announces health reform 👀,news
What's new in Java 12.0 🔥,technology
this trend is everywhere #reels,short_form_video
Bengaluru election results: what we know so far,news
Story time: my exam tomorrow,social
weekend vibes with the gang 😱,social
thermodynamics full course for beginners,education
POV: exam tomorrow #shorts 💯,short_form_video
Sponsored: try Nykaa free for 18 days,advertising
Mumbai monsoon floods: what we know so far 🎉,news
this trend is veerywhere #reels,short_form_video
Top headlines today: election results,news
a pop star new movie trailer reaction,entertainment
Prank on my roommate gone hilarious,entertainment
"Limited offer on Galaxy, order now",advertising
government announces health reform,news
Try not to laugh challenge #14,entertainment
Building a recommendation engine with Go,technology
"Limitde offer on OnePlus, order now | nptel week 34: operating systems 😂",advertising
pov: your mom finds your phone #shorts,short_form_video
memory management in TypeScript explained with code 😱,technology
SHOCKING truth about office EXPOSED | SHOCKING truth about cat EXPOSED,clickbait
Post-match press conference MI | Best comedy sketches compilation 💯,sports
Prank on my roommate gone hilarious,entertainment
How to solve microeconomics problems step by step,education
fluid mechanics in one shot | revision notes,education
"Limited offer on OnePlus, order now",advertising
top 10 goals of the premier league season 👀,sports
Birthday dump with firends,social
control systems in one shot | revision notes 🔥 | Free Fire funny moments montage,education
37 secrets they don't want you to know,clickbait
How I plan my week for maximum focus,productivity
Throwback to Kolkata trip 😱,social
NPTEL week 5: dynamic programming,education
Pomodoro study timer with lofi,productivity
What happens next will blow your mind,clickbait
Top 10 goals of the ISL season,sports
BGMI ranked gameplay 2 kills,gaming
Explained: why metro expanison matters,news
Deploying recommendation engine on Kubernetes 👀,technology
valorant ranked gameplay 35 kills,gaming
Top 10 goals of the La Liga season,sports
Bestc omedy sketches compilation,entertainment
memory management in TypeScript explained with code,technology
"Limited offer on iPhone, order now",advertising
Throwback to Kolkata trip,social
#shorts office in 30 seconds,short_form_video
Class 36 operating systems derivation and examples 💯,education
Building a recommendation engine with Rust,technology
You won't believe what a famous actor did next!!!,clickbait
Throwback to Kolkata trip,social
Throwback to Delhi trip 💯,social
office hack you need #shorts #viral | Match recap: KKR win thriller 🤯,short_form_video
post-match press conference rcb 🎉,sports
"nykaa sale: 15% off today only, shop now",advertising
Lecture 25: fluid mechanics explained,education
Deploying URL shortener on Kubernetes,technology
How I plan my week for maximum focus,productivity
lecture 17: fluid mechanics explained 🔥,education
free fire ranked gameplay 13 kills,gaming
cricket hack you need #shorts #viral,short_form_video
SHOCKING truth about cricket EXPOSED,clickbait
habits that fixed my time management | #shorts cooking in 30 seconds,productivity
How I plan my week for maximum focus,productivity
wait for it #reels #fyp | 31 secrets they don't want you to know,short_form_video
Pomodoro study timer with lofi 🎉,productivity
Best Valorant settings for 5 fps 😱,gaming
Best Free Fire settings for 3 fps,gaming
a popular YouTuber new movie trailer reaction,entertainment
Sponsored: try Myntra free for 10 days 😂,advertising
how to solve microeconomics problems step by step | Doctors hate this office secret,education
What's new in Go 32.0,technology
Doctors hate this cooking secret,clickbait
gill century full innings,sports
this trend is everywhere #reels,short_form_video
"Limited offer on Galaxy, order now",advertising
Valorant ranked gameplay 22 kills,gaming
POV: first day at college #shorts 👀,short_form_video
my 9-hour deep work routine,productivity
Galaxy review after 30 days,technology
graph theory full course for beginners | Wedding seasono utfits ootd,education
Birthday dump with friends,social
Best comedy sketches compilation,entertainment
How to solve linear algebra problems step by step,education
How I plan my week for maximum focus 💯,productivity
Use promo code SAVE32 at Nykaa 👀,advertising
memory management in go explained with code,technology
Notion template for ML engineers,productivity
Placement preparation roadmap 2025 🔥 | explained: why budget session matters,career
"boat sale: 2% off today only, shop now",advertising
Sponsored: try Myntra free for 37 days,advertising
"Limited offer on OnePlus, order now",advertising
minecraft funny moments montage,gaming
"Limited offer on Pixel, order now",advertising
How I cracked Zomato internship,career
"Myntra sale: 11% off today only, shop now",advertising
Pomodoro study timer with lofi,productivity
SHOCKING truth about exam EXPOSED,clickbait
Story time: my your mom finds your phone 🤯,social
OnePlus review after 30 days,technology
Mumbai monsoon floods: what we know so far 🔥,news
a pop star new movie trailer reaction,entertainment
Minecraft speedrun world record attempt 🔥,gaming
Top1 0 goals of the La Liga season 😂,sports
Story time: my first day ta college 📚,social
Habits that fixed my time management,productivity
What's new in Java 14.0,technology
TypeScript tutorial: decorators,technology
How I plan my week for maximum focus,productivity
Use promo code SAVE38 at boAt,advertising
what's new in go 24.0,technology
20 secrets they don't want you to know,clickbait
"Limited offer on Pixel, order now",advertising
How I plan my week for maximum focus,productivity
Match recap: CSK win thriller,sports
Match recap: MI win thriller,sports
thermodynamics in one shot | revision notes,education
MI vs DC highlights | IPL 2025 | try not to laugh challenge #30,sports
Let's play Valorant part 5,gaming
let's play bgmi part 26,gaming
Wedding season outfits ootd 😂,social
Resume tips for SDE freshers 🤯,career
Prank on my roommate gone hilarious | #shorts gym in 30 seconds,entertainment
Kolkata monsoon floods: what we know so far,news
KKR vs DC highlights | IPL 2024 | Valorant funny moments montage,sports
Sponsored: try boAt free for 26 days,advertising
this trend is everywhere #reels 📚,short_form_video
my 31-hour deep work routine 🤯,productivity
Breaking: monsoon floods live updates,news
Birthday dump with friends,social
Habits that fixed my time management,productivity
SHOCKING truth about cooking EXPOSED,clickbait
Top headlines today: budget session,news
Weekend vibes with the gang,social
Top headlines today: leection results 🤯,news
class 21 linear algebra derivation and examples,education
What happens nex twill blow your mind 🎉,clickbait
this trend is everywhere #reels,short_form_video
Galaxy review after 30 days,technology
You won't believe what a pop star did next!!!,clickbait
resume tips for sde freshers 🎉,career
Wedding season outfits ootd,social
Story time: my first day at college,social
NPTEL week 22: microeconomics 💯,education
Delhi budget session: what we know so far,news
"Myntra sale: 31% off today only, shop now",advertising
Best BGMIs ettings for 32 fps,gaming
Minecraft ranked gameplay 21 kills,gaming
generics in Python explained with code,technology
kohli century full innings,sports
You won't believe what a pop star did next!!!,clickbait
Building a portfolio site with Java,technology
Breaking: metro expansion liev updates,news
Valorant speedrun world record attempt,gaming
Funniest exam moments of 2025,entertainment
NPTEL week 31: fluid mechanics 💯,education
Best comedy sketches compilation | how i cracked amazon internship,entertainment
Birthday dump with friends 💯,social
operating systems full course for beginners,education
weekend vibes with the gang,social
Building a recommendation engine with TypeScript 🔥,technology
decorators in Rust explained with code,technology
Pant century full innings,sports
Infosys interview experience for ML engineer,career
#shorts exam in 30 seconds,short_form_video
Explained: why metro expansion matters,news
NPTEL week 35: fluid mechanics 🤯,education
MI vs DC highlights | IPL 2025 😱,sports
a pop star reacts to office 😱,entertainment
Use promo code SAVE3 at Myntra 🤯,advertising
Habits that fixed my time management,productivity
this trend is everywhere #reels,short_form_video
Notion template for ML engineers 🔥,productivity
a pop star reacts to ygm 📚,entertainment
wait for it #reels #fyp,short_form_video
Post-match press conference MI,sports
Prank on my roommate gone hilarious | Class 29 thermodynamics derivation and examples,entertainment
Throwback to Delhi trip,social
MIT OpenCourseWare organic chemistry lecture 38 👀,education
Weekend vibes with the gang,social
birthday dump with friends,social
Story time: my your mom finds your phone,social
python tutorial: generics,technology
Habits that fixed my time management,productivity
"Limited offer on Galaxy, order now",advertising
Sponsored: try Nykaa free for 26 days 👀,advertising
Pant century full innings 🔥,sports
POV: your mom finds your phone #shorts 👀,short_form_video
story time: my your mom finds your phone 😱,social
Wedding season outfits ootd,social
#shorts cricket in 30 seconds,short_form_video
Salary negotiation tips for new grads | Prank on my roommate gone hilarious,career
Sponsored: try Myntra free for 18 days,advertising
How to solve organic chemistry problems step by step,education
How I plan my week for maximum focus,productivity
Government announces education reform,news
CSK vs SRH highlights | IPL 2025,sports
POV: exam tomorrow #shorts,short_form_video
Doctors hate this gym secret,clickbait
Free Fire speedrun world record attempt,gaming
Use promo code SAVE38 at Nykaa,advertising
government announces health reform 📚,news
building a portfolio site with go,technology
Minecraft fnuny moments montage,gaming
Lecture 30: microeconomics explained,education
doctors hate this gym secret 🔥,clickbait
wait for it #reels #fyp 😂,short_form_video
closures in Rust explained with code,technology
Flipkart interview experience for SDE 🔥,career
You won't believe what a popular YouTuber did next!!!,clickbait
Explained: why election results matters 🤯,news
What happens next will blow your mind,clickbait
story time: my exam tomorrow,social
MIT OpeCnourseWare dynamic programming lecture 1 😱,education
resume tips for sde freshers 💯,career
Prank on my roommate gone hilarious,entertainment
"Limited offer on iPhone, order now | boAt sale: 27% off today only, shop now 😂",advertising
Kohli century full innings,sports
Government announces tax reform,news
"Limited offer on iPhone, order now",advertising
MIT OpenCourseWare probability lecture 26,education
Throwback to Kolkata trip 😂,social
nptel week 27: control systems,education
Sponsored: try Myntra free for 31 days,advertising
Placement preparation roadmap 2025,career
Match recap: CSK win thriller,sports
best free fire settings for 9 fps 🎉,gaming
Class 28 linea ralgebra derivation and examples,education
a popular YouTuber new movie trailer reaction 🔥,entertainment
How I plan my week for maximum focus,productivity
minecraft speedrun world record attempt,gaming
a pop star new movie trailer reaction 👀 | #shorts cooking in 30 seconds 🎉,entertainment
funniest cat moments of 2025,entertainment
Let's play Free Fire part 5 👀,gaming
Wedding season outfits ootd | Notion template for ML engineers 💯,social
Building a chat app with Go,technology
Howt o solve graph theory problems step by step,education
What happens next will blow your mind,clickbait
How I plan my week for maximum focus,productivity
POV: your mom finds your phone #shorts,short_form_video
Breaking: metro expansion live updatse 🤯,news
a famous actor new movie trialer reaction 😱,entertainment
Minecraft ranked gameplay 36 kills 📚,gaming
Birthday dump with friends,social
Salary negotiation tips for new grads,career
this trend is everywhere #reels,short_form_video
"boAt sale: 29% off todya only, shop now",advertising
this trend is everywhere #reels,short_form_video
Placement preparation roadmap 2025,career
Mock interview: ML engineer system design round 🔥,career
What happens next will blow your mind 😱 | Java tutorial: memory management,clickbait
Doctors hate this cat secret,clickbait
Wedding season outfits ootd,social
"boAt sale: 14% off today only, shop now 😂 | POV: first day at college #shorts 🎉",advertising
Match recap: MI win thriller 😱,sports
what happens next will blow your mind 📚,clickbait
RCB vs PBKS highlights | IPL 2026,sports
Habits that fixed my time management 😱,productivity
KKR vs GT highlights | IPL 2026,sports
Building a URL shortener with Go 😱,technology
Weekend vibes with the gang,social
cooking hack you need #shorts #viral,short_form_video
best comedy sketches compilation,entertainment
a famous actor new movie trailer reaction,entertainment
Best Free Fire settings for 17 fps | How I plan my week for maximum focus,gaming
Mumbai monsoon floods: what we know so far,news
Best comedy sketches compilation 😂 | How to solve probabliity problems step by step,entertainment
BGMI ranked gameplay 21 kills,gaming
Building a portfolio site with Python 🎉,technology
generics in Go explained with code,technology
closures in Rust explained with code,technology
Prank on my roommate gone hilarious 👀,entertainment
"Limited offer on Pixel, order now 💯 | Top headlines today: monsoon floods",advertising
How to solve probability problems step by step 💯,education
control systems in one shot | revision notes,education
Pomodoro study timer with lof i🤯,productivity
"Limited offer on Pixel, order now",advertising
Post-match press conference RCB,sports
Lecture 4: dynamic programming explained,education
Valorant funny moments montage,gaming
How I cracked Microsoft internship,career
NPTEL week 9: organic chemistry 🤯,education
POV: exam tomorrow #shorts 🔥,short_form_video
Doctors hate this gym secret 💯,clickbait
Explained: why monsoon floods matters,news
POV: exam tomorrow #shorts 👀,short_form_video
government announces tax reform | Prank on my roommate gone hilariuos,news
#shorts exam in 30 seconds 🤯,short_form_video
Doctors hate this cricket secret,clickbait
linear algebra in one shot | revision notes,education
poomdoro study timer with lofi,productivity
Match recap: RCB win thriller,sports
iPhone review after 30 days,technology
wait for it #reels #fyp,short_form_video
Weekend vibes with the gang,social
My 7-hour deep work routine 🔥,productivity
Use promo code SAVE27 at boAt,advertising
Let's play Minecraft part 35,gaming
decorators in Java explained with code,technology
Pomodoro study timer with lofi,productivity
"Myntra sale: 8% off today only, shop now",advertising
Top 10 goals of the La Liga season,sports
How I plan my week for maximum focus 💯,productivity
Free Fire funny moments montage,gaming
deploying chat app on kubernetes,technology
My 22-hour deep work routine,productivity
Free Fire speedrun world record attempt 😱,gaming
Best Free Fire settings for 12 fps,gaming
Use promo code SAVE30 at Myntra 🤯,advertising
Notion template for data analysts 😂,productivity
kohli century full innings,sports
Let's play BGMI part 7 📚,gaming
BGMI funny moments montage 🤯 | Kohli century full innings,gaming
mit opencourseware dynamic programming lecture 19 🔥,education
building a portfolio site with java | How I plan my week for maximum focus 😱,technology
POV: exam tomorrow #shorts,short_form_video
a pop star reacts to office 🤯,entertainment
Lecture 19: linear algebra explained 😱,education
Government announces tax refrom,news
wait for it #reels #fyp,short_form_video
Best comedy sketches compilation,entertainment
Top 01 goals of the Premier League season 👀,sports
building a recommendation engine with typescript,technology
How I cracked Google internship,career
Weekend vibes with the gang 📚,social
POV: your mom finds your phone #shorts 😂,short_form_video
Birthday dump with friends,social
Resume tips for ML engineer freshers,career
Java tutorial: async await,technology
Throwback to Kolkata trip 💯,social
"Myntra sale: 30% off today only, shop now",advertising
Building a portfolio site with Java,technology
Best BGM Isettings for 14 fps 📚,gaming
Funniest gym moments of 2025,entertainment
How I cracked Zomato internship,career
What's new in Rust 37.0,technology
Mock interview: data analyst system design round,career
explained: wyh budget session matters 😱,news
Valorant funny moments montage,gaming
Wedding season outfits ootd 💯,social
Kohli century full innings,sports
control systems full course for beginners,education
SHOCKING truth about exam EXPOSED 🔥,clickbait
Use promo code SAVE29 at Myntra,advertising
operating systems in ones hot | revision notes,education
Pomodoro study timer with lofi 😱,productivity
Mock interview: data analyst system design round | how i plan my week for maximum fcous,career
Free Fire ranked gameplay 7 kills,gaming
How I cracked Google internship,career
"Myntra sale: 19% off today only, shop now 😱",advertising
"limited offer on galaxy, order now",advertising
How I plan my week for maximum focus,productivity
Use promo code SAVE14 at boAt,advertising
23 secrets they don't want oyu to know,clickbait
Prank on my roommate gone hilarious | Birthday dump with friends,entertainment
Notion template for PMs 🎉,productivity
Amazon interview experience for SDE,career
Explained: why metro expansion matters,news
MIT OpenCourseWare organic chemistry lecture 14,education
Weekend vibes with the gang 📚,social
18 secrets they don't want you to know 😱,clickbait
Top headlines today: election results,news
What ahppens next will blow your mind,clickbait
Government announces tax reform 😱,news
Building a chat app with Java,technology
Use promo code SAVE29 at Myntra 📚,advertising
My 8-hour deep work routine 😱,productivity
funniest cooking moments of 2024 | try not to laugh challenge #6,entertainment
placement preparation roadmap 2026,career
SHOCKING truth about cooking EXPOSED 💯,clickbait
You won't believe what a famous actor did next!!! 💯,clickbait
What's new in Python 17.0 📚,technology
generics in typescript explained with code,technology
this trend is everywhere #reels 👀 | Birthday dump with friends,short_form_video
Doctors hate thi scat secret 📚,clickbait
Kohli century full innings,sports
Bengaluru metro expansion: what we know so far,news
Notion template for PMs 😂,productivity
a pop star reacts to office,entertainment
What's new in Rust 3.0,technology
Best comedy sketches compilation 😱,entertainment
"Nykaa sale: 19% off today only, shop now",advertising
Placement preparation roadmap 2025,career
Kolkata metro expansion: what we know so far 😂,news
Story time: my your mom finds your phone 😂 | Use promo code SAVE30 at boAt,social
Throwback to Kolkata trip 🎉,social
RCB vs GT highlights | IPL 2024 💯,sports
How to solve control systems problems step by step,education
How to solve control systems problems step by step 🤯,education
My 21-hour deep work routine,productivity
this trend is everywhere #reels,short_form_video
Prank on my roommate gone hilarious,entertainment
Habits that fixed my time management,productivity
Try not to laugh challenge #27,entertainment
9 secrets they don't want you to know | Post-match press conference CSK,clickbait
Galaxy review after 30 days,technology
Explained: why budget session matters,news
BGMI funny moments montage,gaming
Explained: why budget session matters,news
26 secrets they don't want you to know | Post-match press conference RCB 😂,clickbait
gym hack you need #shorts #viral,short_form_video
"Limited offer on OnePlus, order now 🎉",advertising
a popular YouTuber reacts to cooking,entertainment
best free fire settings for 25 fps,gaming
Minecraft ranked gameplay 2 kills,gaming
What's new in Rust 35.0,technology
Building a portfolio sit ewith Python 🤯,technology
Salary negotiation tips for new grads 👀,career
Top headlines today: metro expansion | wait for it #reels #fyp,news
Prank on my roommate gone hilarious,entertainment
try not to laugh challenge #9,entertainment
Use promo code SAVE14 at Nykaa,advertising
Salary negotiation tips for new grads,career
My 21-hour deep work routine,productivity
Deploying chat app on Kubernetes,technology
What happens next will blow your mind,clickbait
Notion template for SDEs 😱,productivity
How I cracked Amazon internship,career
You won't believe what a famous actor did next!!!,clickbait
32 secrets they don't want you to know,clickbait
Kolkata budget session: what we know so far,news
Explained: why monsoon floods matters,news
Throwback to Bengaluru trip,social
Salary negotiation tips for new grads,career
POV: exam tomorrow #shorts 😂 | Best comedy sketches compilation,short_form_video
Free Fire ranked gameplay 7 kills | Free Fire speedrun world record attempt,gaming
#shorts cat in 30 seconds,short_form_video
Top 10 goals of the La Liga season 👀,sports
Bengaluru budget session: what we know so far,news
25 secrets they don't want you to know,clickbait
Kohli century full innings 💯,sports
Lecture 18: organic chemistry explained,education
story time: my your mom finds oyur phone,social
Top 10 goals of the Premier League season,sports
Try not to laugh challenge #32 👀,entertainment
"Nykaa sale: 21% off today only, shop now",advertising
My 1-hour deep work routine 🔥,productivity
Weekend vibes with the gang | Top headlines today: monsoon floods,social
you won't believe what a popular youtuber did next!!!,clickbait
Weekend vibes with the gang 🤯,social
Java tutorial: closures,technology
Best BGMI settings for 14 fps,gaming
"limited offer on pixel, order now",advertising
linear algebra full course for beginners,education
wait for it #reels #fyp,short_form_video
exam hack you need #shorts #viral,short_form_video
wait for it #reels #fyp 🔥,short_form_video
Placement preparation roadmap 2026,career
Building a portfolio site with Python,technology
You won't believe what a pop star did next!! !🔥,clickbait
POV: your mom finds your phone #shorts,short_form_video
What happens next will blow your mind,clickbait
Weekend vibes with the gang,social
Sponsored: try Nykaa free for 9 days 🎉,advertising
Pomodoro study timer with lofi,productivity
#shorts cricket in 30 seconds,short_form_video
Python tutorial: generics,technology
Story time: my your mom finds your phone,social
MIT OpenCourseWare dynamic programming lecture 12,education
NPTEL week 30: probability,education
NPTEL week 20: organic chemistry,education
#shorts office in 30 seconds,short_form_video
#shorts exam in 30 seconds,short_form_video
Mumbai election results: what we know so far,news
Prank on my roommate gone hilarious,entertainment
Top 10 goals of teh Premier League season,sports
Lecture 5: fluid mechanics explained,education
OnePlus review after 30 days 💯,technology
nptel week 23: control systems,education
Use promo code SAVE15 at boAt,advertising
office hack you need #shorts #viral 🤯,short_form_video
Explained: why budget session matters,news
Funniest exam moments of 2025,entertainment
Match recap: RCB win thriller 🔥,sports
Habits that fixed my time management,productivity
this trend is everywhere #reels 👀,short_form_video
Top 10 goals of the Premier League season | Explained: why budget session matters 😱,sports
Top 10 goals of the Premier League season 🔥,sports
#shorts gym in 30 seconds,short_form_video
MIT OpenCourseWare organic chemistry lecture 4,education
Wedding season outfits ootd,social
How I cracked Flipkart internship,career
"boat sale: 7% off today only, shop now",advertising
Habits that fixed my time management,productivity
Deploying chat app on Kubernetes 😂,technology
25 secrets they don't want you to know,clickbait
Best Minecraft settings for 6 fps | Story time: my exam tomorrow,gaming
14 secrets they don't want you to know,clickbait
decroators in Python explained with code 💯,technology
Kohli century full innings | Let's play Free Fire part 38 👀,sports
Best Valorant settings for 26 fps,gaming
Deploying recommendation engine on Kubernetes,technology
Top headlines today: election results 😂,news
memory management in TypeScript explained with code,technology
Prank on my roommate gone hilarious,entertainment
Deploying recommendation engine on Kubernetes 👀,technology
Post-match press conference CSK,sports
Salary negotiation tips for new grads 🎉,career
Wedding season outfits ootd,social
best comedy sketches compilation 🔥,entertainment
"nykaa sale: 18% off today only, shop now",advertising
My 18-hour deep work routine,productivity
KKR vs DC highlights | IPL 2025 🔥,sports
wedding season outfits ootd,social
async await in Java explained with code | control systems in one shot | revision notes,technology
mit opencourseware control systems lecture 5,education
Notion template for SDEs 📚,productivity
How I plan my week for maximum focus,productivity
Funniest office moments of 2024,entertainment
Let's play Valorant part 29,gaming
SHOCKING truth about office EXPOSED,clickbait
"Limited offer on OnePlus, order now",advertising
Pomodoro study timer with lofi,productivity
You won't believe what a popular YouTuber did next!!!,clickbait
Try not to laugh challenge #6 💯,entertainment
Notion template for ML engineers,productivity
How I plan my week for maximum focus 💯,productivity
Birthday dump with friends 💯,social
weekend vibes with the gang 🤯,social
Notion template for data analysts 🤯 | gym hack you need #shorts #viral 💯,productivity
Try not to laugh challenge #23,entertainment
Use promo code SAVE31 at Myntra,advertising
Minecraft funny moments montage,gaming
How I cracked Flipkart internship,career
valorant speedrun world record attempt,gaming
office hack you need #shorts #viral 🔥,short_form_video
To pheadlines today: budget session 📚,news
Try not to laugh hcallenge #8,entertainment
You won't believe what a pop star did next!!!,clickbait
exam hack you need #shorts #viral,short_form_video
sponsored: try boat free for 9 days,advertising
How I cracked Flipkart internship,career
valorant ranked gameplay 10 kills,gaming
How I cracked Flipkart internship,career
Deploying recommendation engine on Kubernetes,technology
Valorant speedrun world record attempt,gaming
async await in go explained with code,technology
Best BGMI settings for 28 fps,gaming
Match recap: KKR win thriller 📚,sports
Mock interview: SDE system design round | Best Free Fire settings fro 34 fps,career
Top 10 goals of the La Liga season,sports
Breaking: monsoon floods live updates,news
my 38-hour deep work routine 👀,productivity
operating systems full course for beginners,education
this trend is everywhere #reels,short_form_video
gym hack you need #shorts #viral,short_form_video
Mock interview: ML engineer system design round 💯 | Deploying portfolio site on Kubernetes,career
What happens next will blow your mind 🎉,clickbait
wait for it #reels #fyp,short_form_video
25 secrets they don't want you to know,clickbait
Government announces education reform 💯,news
Minecraft ranked gameplay 6 kills 🎉 | Lecture 15: operating systems explained,gaming
funniest cricket moments of 2026,entertainment
BGMI speedrun world record attempt,gaming
POV: exam tomorrow #shorts,short_form_video
Free Fire funny moments montage,gaming
#shorts cooking in 30 seconds,short_form_video
How I plan my week for maximum focus,productivity
POV: your mom finds your phone #shorts,short_form_video
Birthday dump with friends | #shorts gym in 30 seconds 🎉,social
Google interview experience for SDE | MI vs GT highlights | IPL 2025,career
Best BGMI settings for 5 fps 🤯,gaming
30 secrets they don't want you to know,clickbait
Explained: why metro expansion matters,news
Use promo code SAVE33 at Nykaa,advertising
notion template for pms,productivity
Building a recommendation engine with Python,technology
You won't believe what a pop star did next!!!,clickbait
a pop star reacts to office,entertainment
flipkart interview experience for pm,career
Wedding season outfits ootd,social
doctors hate this cat secret,clickbait
Lecture 1: fluid mechanics explained,education
Match recap: MI win thriller,sports
"Limited offer on OnePlus, order now",advertising
let's play minecraft part 13 😂,gaming
Funniest cat moments of 2024,entertainment
Prank on my roommate gone hilarious,entertainment
Wedding season outfits ootd,social
Valorant funny moments montage,gaming
Salary negotiation tips for new grads 🤯,career
government announces health reform,news
a pop star new movie trailer reaction,entertainment
Top 10 goals of the La Liga season,sports
Top headlines today: metro expansion 😱,news
26 secrets they don't want you to know,clickbait
Deploying chat app on Kubernetes,technology
Weekend vibesw ith the gang,social
Mumbai election results: what we know so far 👀,news
MI vs SRH highlights | IPL 2024,sports
Match recap: MI win thriller,sports
Wedding season outfits ootd,social
free fire speedrun world record attempt,gaming
"limited offer on galaxy, order now | Lecture 17: thermodynamics explained",advertising
Throwback to Kolkata trip,social
Deploying chat app on Kubernetes 🤯,technology
Let's play Valorant part 32,gaming
Free Fire ranked gameplay 24 kills,gaming
Birthday dump with friends 😱,social
Wedding season outfits ootd 🎉,social
Top headlines today: metro expansion,news
Python tutorial: generics,technology
Mock interview: PM system design round,career
Galaxy review after 30 days,technology
MIT OpenCourseWare thermodynamics lecture 3,education
async await in Rust explained with code,technology
SHOCKING truth about gym EXPOSED,clickbait
SHOCKING truth about exam EXPOSED,clickbait
#shorts cricket in 30 seconds,short_form_video
#shorts cooking in 30 seconds,short_form_video
Lecture 24: fluid mechanics explained,education
Try not to laugh challenge #19,entertainment
22 secrets they don't want oyu to know 😱,clickbait
try not to laugh challenge #29 💯,entertainment
Birthday dump with friends,social
Birthday dump with friends,social
Java tutorial: generics 👀,technology
Government announces tax reform,news
notion template for sdes,productivity
this trend is everywhere #reels,short_form_video
My 12-hour deep work routine,productivity
How to solve linear algebra problems step by step 💯,education
"Myntra sale: 35% off today only, shop now",advertising
Explained: why budget session matters,news
Funniest gym moments of 2026,entertainment
pant century full innings,sports
SHOCKING truth about exam EXPOSED,clickbait
Best BGMI settings for 22 fps,gaming
a popular YouTuber new movie trailer reaction 🔥,entertainment
OnePlus review after 30 days 😱,technology
Resume tisp for data analyst freshers,career
Habits that fixed my tmie management,productivity
#shorts exam in 30 seconds,short_form_video
Mokc interview: PM system design round,career
Flipkart interview experience for PM | 29 secrets they don't want you to know,career
Best Valorant settings for 37 fps,gaming
Throwback to Delhi trip,social
Pomodoro study timer with lofi,productivity
a famous actor reacts to gym,entertainment
a pop starr eacts to gym,entertainment
My 2-hour deep work routine 😱,productivity
"Nykaa sale: 29% off today only, shop now 👀 | Salary negotiation tips for new grads 🔥",advertising
Placement preparation roadmap 2026,career
You won't believe what a famous actor did next!!!,clickbait
15 secrets they don't want you to know,clickbait
Government announces education reform,news
Use promo code SAVE20 at Nykaa,advertising
CSK vs DC highlights | IPL 2025,sports
How to solve probability problems step by step 📚,education
"Limited offer on OnePlus, order now",advertising
POV: first day at college #shorts,short_form_video
Breaking: metro expansion live updates,news
Habits that fixed my time management,productivity
shokcing truth about exam exposed 👀,clickbait
Amazon interview experience for ML engineer,career
#shorts cat in 30 seconds 📚,short_form_video
My 17-hour deep work routine 💯,productivity
MIT OpenCourseWare fluid mechanics lecture 22,education
top headlines today: monsoon floods,news
KKR vs SRH highlights | IPL 2024 👀,sports
Sponsored: try boAt free for 4 days,advertising
Bengaluru budget session: what we know so far,news
Placement preparation roadmap 2024,career
What's new in Rust 18.0,technology
Valorant funny moments montage,gaming
Class 19 graph theory derivation and examples,education
"#shorts cooking in 30 seconds | Nykaa sale: 20% off today only, shop now",short_form_video
Mock interview: data analyst system design round,career
csk vs dc highlights | ipl 2026 | What's new in Go 33.0 🤯,sports
Class 20 microeconomics derivation and examples,education
Pomodoro study timer with lofi 🤯 | What's new in Go 21.0,productivity
Use promo code SAVE17 at boAt,advertising
Birthday dump with friends,social
Building a recommendation engine with Java,technology
My 18-hour deep work routine,productivity
Go tutorial: async await,technology
Placement preparation roadmap 2024 | this trend is everywhere #reels 🤯,career
"Limited offer on iPhone, order now",advertising
Delhi metro expansion: what we know so far 😱,news
shocking truth about cricket exposed | Doctors hate this gym secret,clickbait
35 secrets they don't want you to know,clickbait
"boAt sale: 26% off today only, shop now 🎉",advertising
Prank on my roommate gone hilarious,entertainment
CSK vs DC highlights | IPL 2024,sports
Galaxy review after 30 days | Pomodoro study timer with lofi,technology
#shorts cat in 30 seconds,short_form_video
Sponsored: try Nykaa free for 20 days 😱,advertising
Top headlines today: monsoon floods 💯,news
7 secrets they don't want you to know,clickbait
Weekend vibes with the gang,social
Minecraft ranked gameplay 33 kills 🔥,gaming
Bengaluru metro expansion: what we know so far,news
Weekend vibes with the gang 👀,social
wait for it #reels #fyp 📚,short_form_video
#shorts cooking in 30 seconds,short_form_video
organic chemistry in one shot | revision notes,education
Valorant ranked gameplay 29 kills,gaming
Post-match press conference KKR,sports
"Limited offer on iPhone, order now 😱",advertising
memory management in Rust explained with code,technology
"Myntra sale: 20% off today only, shop now 📚",advertising
Minecraft speedrun world record attempt,gaming
Salary negotiation tips for new grads,career
Mumbai budget session: what we know so far | My 22-hour deep work routine,news
deploying recommendation engine on kubernetes,technology
Class 20 organic chemistry derivation and examples 😱,education
Resume tips for PM freshers,career
Resume tips for PM freshers,career
gym hack you need #shorts #viral 🤯,short_form_video
Building a chat app with Java 😂,technology
Weekend vibes iwth the gang,social
"Limited offer on Pixel, order now 😂",advertising
bgmi ranked gameplay 1 kills,gaming
Try not to laugh challenge #28 🔥,entertainment
this trend is everywhere #reels 🔥,short_form_video
"Limited offer on Pixel, order now",advertising
Valorant speedrun world record attempt 😱,gaming
POV: your mom finds your phone #shorts,short_form_video
Let's play BGMI part 25 🎉,gaming
Habits that fixed my time management 📚,productivity
Top headlines today: election results,news
office hack you need #shorts #viral | Government announces education reform,short_form_video
operating systems in one shot | revision notes,education
Post-match press conference MI 💯,sports
How I plan my week for maximum focus 🎉,productivity
Habits that fixed my time management,productivity
Story time: my your mom finds your phone,social
POV: exam tomorrow #shorts,short_form_video
Minecraft ranked gameplay 38 kills,gaming
wait for it #reels #fyp,short_form_video
Breaking: budget session live updates,news
dynamic programming full course for beginners,education
"boat sale: 20% off today only, shop now 🎉",advertising
a popular YouTuber new movie trailer reaction 😂,entertainment
NPTEL week 16: operating systems,education
Let's play BGMI part 13 👀,gaming
Habits that fixed my time management,productivity
weekend vibes with the gang,social
how i cracked microsoft internship,career
this trend is everywhere #reels,short_form_video
Gill century full innings 😱,sports
Doctors hate this cat secret,clickbait
How I plan my week for maximum focus,productivity
Top headlines today: budget session 👀,news
TypeScript tutorial: memory management,technology
Mock interview: PM system design round,career
Weekend vibes with the gang,social
Zomato interview experience for data analyst 🎉 | Salary negotiation tips for new grads 🎉,career
Habits that fixed my time management,productivity
Galaxy review after 30 days,technology
What's new in Rust 26.0 📚,technology
Deploying URL shortener on Kubernetes 👀,technology
How I plan my week for maximum focus,productivity
this trend is everywhere# reels,short_form_video
salary negotiation tips for new grads | a famous actor reacts to office,career
Breaking: election results live updates 👀,news
"Nykaa sale: 10% off today only, shop now 😂 | Top headlines today: monsoon floods",advertising
Let's play BGMI part 19 🔥,gaming
decorators in python explained with code,technology
Habits that fixed my time management 🔥,productivity
you won't believe what a famous actor did next!!!,clickbait
Pomodoro study timer with lofi,productivity
Mock interview: data analyst system design round,career
Gill century full innings 🎉,sports
Kolkata metro expansion: what we know so far,news
this trend i severywhere #reels,short_form_video
What happens next will blow your mind 🔥,clickbait
19 secrets they don't want you to know 🎉,clickbait
MI vs SRH highlights | IPL 2025,sports
Try not to laugh challenge #6 👀,entertainment
Post-match press conference KKR | Notion template for SDEs,sports
Sponsored: try Nykaa free for 19 days,advertising
Notion template for data analysts,productivity
Salary negotiation tips for new grads,career
Class 28 fluid mechanics derivation and examples,education
My 17-hour deep work routine,productivity
Pomodoro study timer with lofi 😱,productivity
Pomodoro study timer with lofi,productivity
salary negotiation tips for new grads,career
Sponsored: try boAt free for 18 days,advertising
Deploying recommendation engine on Kubernetes,technology
Throwback to Bengaluru trip 👀,social
Birthday dump with friends,social
Birthday dump with friends,social
this trend is everywhere #reels,short_form_video
Explained: why metro expansion matters,news
Explained: why election results matters,news
"Nykaa sale: 38% off today only, shop now 😱",advertising
Building a portfolio site with Go,technology
Best BGMI settings for 16 fps,gaming
Sponsored: try boA tfree for 5 days,advertising
Match recap: CSK win thriller,sports
Government announces tax reform 🔥,news
My 26-hour deep work routine 📚,productivity
minecraft funny moments montage | Best Valorant settings for 23 fps 🔥,gaming
POV: first day at college #shorts,short_form_video
POV: your mom finds your phone #shorts 😱,short_form_video
Building a portfolio site with TypeScript 😂,technology
Sponsored: try Myntra free for 10 days,advertising
Birthday dump with friends,social
Kohli century full innings,sports
Use promo code SAVE7 at Myntra,advertising
Deploying chat app on Kubernetes,technology
bgmi speedrun world record attempt | POV: exam tomorrow #shorts 😱,gaming
dynamic programming full course ofr beginners,education
habits that fixed my time management,productivity
MI vs PBKS highlights | IPL 2024 👀,sports
Building a chat app with Java,technology
placement preparation roadmap 2026 | this trend is everywhere #reels 📚,career
this trend is everywhere #reels,short_form_video
What happens next will blow your mind 🎉 | pixel review after 30 days 💯,clickbait
Best Free Fire settings for 32 fps 🎉,gaming
You won't believe what a famous actor did next!!!,clickbait
Throwback to Bengaluru trip 😱,social
Wedding season outfits ootd,social
mit opencourseware microeconomics lecture 38,education
probability full course for beginners,education
My 20-hour deep work routine | Notion template for ML engineers,productivity
Let's play Valorant prat 19,gaming
Notion template for PMs,productivity
Minecraft speedrun world record attempt,gaming
Valorant ranked gameplay 21 kills,gaming
Prank on my roommate gone hilarious 🤯,entertainment
Prank on my roommate gone hilarious,entertainment
Top headlines today: monsoon floods,news
Let's play Minecraft part 6,gaming
Post-match press conference KKR,sports
Match recap: KKR win thriller 🎉,sports
Post-match press conference CSK 😱,sports
a popular youtuber new movie trailer reaction,entertainment
What happens next will blow your mind,clickbait
Weekend vibes with the gang,social
Try not to laugh challenge #3 😱,entertainment
Top 10 goals of the La Liga season,sports
What's new in TypeScript 22.0 💯,technology
Sponsored: try Nykaa free for 6 days,advertising
try not to laugh challenge #8 🤯,entertainment
How I plan my week for maximum focus,productivity
BGMI funny moments montage,gaming
Explained: why election results matters 💯 | Throwback to Bengaluru trip 📚,news
this trend is everywhere #reels 🎉,short_form_video
Birhtday dump with friends 👀 | SHOCKING truth about office EXPOSED,social
Government announces health reform 😱,news
Doctors hate this cooking secret | Sponsored: try boAt free for 28 days,clickbait
control systems i none shot | revision notes,education
Doctors hate this cat secret 😂,clickbait
bgmi ranked gameplay 14 kills 👀,gaming
How I plan my week for maximum focus,productivity
Throwback to Mumbai trip 📚 | Notion template for data analysts 🎉,social
Minecraft ranked gameplay 24 kills,gaming
a pop star reacts t oexam,entertainment
Salary negotiation tips for new grads,career
Delhi election results: what we know so far,news
What's new in Python 17.0 💯 | Notion template for MLe ngineers 🤯,technology
37 secrets they don't want you to know 👀,clickbait
Post-matc hpress conference CSK,sports
Breaking: election results live updates 🤯,news
What happens next will blow your mind 💯,clickbait
Pixel review after 30 days,technology
Bengaluru metro expansion: what we know so far,news
#shorts cooking in 30 seconds,short_form_video
SHOCKING truth about fofice EXPOSED,clickbait
"Limited offer on Galaxy, order now",advertising
Top 10 goals of the Premier League season,sports
wait for it #reels #fyp 💯,short_form_video
"Myntra sale: 38% off today only, shop now",advertising
"boAt sale: 16% off today only, shop now 💯",advertising
CSK vs PBKS highlights | IPL 2025,sports
How to solve dynamic programming problems step by step 😱 | Kolkata election results: what we know so far 🎉,education
Bengaluru monsoon floods: what we know so far,news
Valorant ranked gameplay 34 kills,gaming
Government announces tax reform,news
mi vs srh highlights | ipl 2024 🤯 | Resume tips for data analyst freshers,sports
Pomodoro study timer with lofi,productivity
Government announces education reform,news
Funniest cooking moments of 2025,entertainment
POV: first day at college #shorts,short_form_video
bgmi funny moments montage,gaming
Resume tips for data analyst freshers 👀,career
Birthday dump with friends,social
generics in python explained with code 🎉,technology
this trend is everywhere #reels,short_form_video
Mumbai monsoon floods: what we know so far 🎉,news
Habits that fixed my time management | Java tutorial: decorators,productivity
Lecture 12: operating systems explained,education
Funniest exam moments of 2026 | Explained: why election results matters,entertainment
Valorant ranked gameplay 18 kills 🤯,gaming
You won't believe what a popular YouTuber did next!!!,clickbait
Prank on my roommate gone hilarious,entertainment
Notion template for PMs,productivity
Top 10 goals of the La Liga season 🎉,sports
Free Fire ranked gameplay 3 kills,gaming
use promo code save3 at boat,advertising
a pop star reacts to office 🤯,entertainment
MIT OpenCourseWare thermodynamics lecture 39,education
try not to laugh challenge #38,entertainment
Explained: why budget session matters 🔥,news
What happens next will blow your mind 💯,clickbait
office hack you need #shorts #viral,short_form_video
Minecraft speedrun world record attempt,gaming
Top headlines today: metro expansion,news
fluid mechanics full course for beginners,education
operating systems in one shot | revision notes,education
iPhone review after 30 days,technology
POV: your mom finds your phone #shorts,short_form_video
Salary negotiation tips for new grads | best minecraft settings for 21 fps,career
How I plan my week for maximum focus 🎉,productivity
KKR vs PBKS highlights  |IPL 2026,sports
CSK vs SRH highlights | IPL 2026,sports
Top headlines today: election results,news
mock interview: ml engineer system design round,career
pov: exam tomorrow #shorts,short_form_video
Sponsored: try Myntra free for 20 days 👀,advertising
throwback to bengaluru trip,social
Rust tutorial: closures 😱,technology
a famous actor new movie trailer reaction 💯,entertainment
What's new in Python 9.0,technology
NPTEL week 4 :organic chemistry,education
Bengaluru election results: hwat we know so far,news
Mock interview: SDE system design round,career
"Limited offer on Pixel, order now | a famousa ctor reacts to gym",advertising
Bengaluru monsoon floods: what we know so far,news
deploying recommendation engine on kubernetes | Braeking: budget session live updates 📚,technology
Use promo code SAVE4 at boAt,advertising
Mock interview: PM system design round,career
Use promo code SAVE38 at Myntra | wait for it #reels #fyp,advertising
a famous actor reacts to cooking 🤯,entertainment
Post-match press conference KKR,sports
BGMI ranked gameplay 20 kills,gaming
Government announces education reform,news
Best comedy sketches compilation,entertainment
a pop star reacts to office 💯,entertainment
Lecture 5: microeconomics explained,education
bgmi funny moments montage 🎉,gaming
Class 24 thermodynamics derivation and examples 🎉,education
Doctors hate this cooking secret,clickbait
What happens next will blow your mind 💯,clickbait
Wedding season outfits ootd | control systems full course for beginners 😱,social
control systems in one shot | revision notes,education
a famous atcor new movie trailer reaction,entertainment
My 33-hour deep work routine,productivity
Story time: my your mom finds your phone,social
Birthday dump with friends,social
this trend is everywhere #reels,short_form_video
Minecraft ranked gameplay 4 kills,gaming
Prank on my roommate gone hilarious,entertainment
#shorts cooking in 30 seconds,short_form_video
Use promo code SAVE25 at Myntra 🤯,advertising
"Myntra sale: 38% off today only, shop now",advertising
Wedding season outfits ootd,social
Explained: wyh metro expansion matters,news
Free Fire speedrun world record attempt,gaming
"Limited offer on Galaxy, order now",advertising
Habits that fixed my time management,productivity
a famous actor new movie trailer reaction 💯,entertainment
Zomato interview experience for data analyst 💯,career
How I cracked Microsoft internship 😱,career
Let's play Valorant part 11 😂,gaming
Notion template for PMs,productivity
Government announces education reform 🔥,news
You won't believe what a famous actor did next!!! 📚,clickbait
best minecraft settings for 3 fps,gaming
What's new in Python 8.0,technology
SHOCKING truth about cricket EXPOSED | Post-match press conferecne KKR,clickbait
Deploying recommendation engine on Kubernetes,technology
#shorts gym in 30 seconds 😱,short_form_video
Wedding season outfits ootd,social
"Myntra sale: 82% off today only, shop now",advertising
Try not to laugh challenge #24,entertainment
"limited offer on galaxy, order now",advertising
13 secrets they don't want you to know 😂,clickbait
Go tutorial :memory management,technology
Top headlines today: monsoon floods,news
operating systems in one shot | revision notes 🤯,education
NPTEL week 22: linear algebra 😂,education
TypeScript tutorial: generics 😱,technology
Building a chat app with Go 🔥,technology
Flipkart interview experience for PM,career
"limited offer on galaxy, order now",advertising
pomodoro sutdy timer with lofi,productivity
Use promo code SAVE2 at Nykaa,advertising
explained: why monsoon floods matters,news
organic chemistry in one shot | revision notes 📚,education
my 38-hour deep work routine 🔥,productivity
Prank on my roommate gone hilarious,entertainment
Lecture 26: linear algebra explained,education
wait for it #reels #fyp,short_form_video
Wedding season outfits ootd 😱,social
Kohli century full innings,sports
Class 29 thermodynamics derivation and examples,education
Wedding season outfits ootd 👀,social
Prank on my roommate gone hilarious,entertainment
cooking hack you need #shorts #viral,short_form_video
My 34-hour deep work routine 🎉,productivity
Free Fire speedrun world record attempt,gaming
Match recap: KKR win thriller 👀,sports
Flipkart interview experience for ML engineer 🎉,career
#shorts cat in 30 seconds 🔥,short_form_video
Use promo code SAVE20 at Nykaa | Placement preparation rodamap 2024,advertising
Weekend vibes with the gang,social
Prank on my roommate gone hilarious,entertainment
Minecraft funny moments montage,gaming
Throwback to Kolkata trip,social
SHOCKING truth about office EXPOSED 📚,clickbait
government announces education reform,news
"My 25-hour deep work routine | Limited offer on OnePlus, order now 😂",productivity
doctors hate this cooking secret,clickbait
Government announces health reform,news
What's new in Java 21.0 😂,technology
linear algebra in one shot | revision notes,education
BGMI funny moments montage,gaming
Pomodoro study timer with lofi | My 12-hour deep work routine 🤯,productivity
cricket hack you need #shorts #viral,short_form_video
Notion template for ML engineers,productivity
My 13-hour deep work routine | What happens next will blow your mind,productivity
a pop star reacts to cat,entertainment
Wedding season outfits ootd,social
Salary negotiation tips for new grads,career
Explained: why metro expansion matters,news
How to solve control systems problems step by step,education
Mock interview: SDE system design round,career
NPTEL week 9: graph theory 🎉,education
what happens next will blow your mind | Valorant funny moments montage,clickbait
CSK vs PBKS highlights | IPL 2024 🤯 | Amazon interview experience for SDE 💯,sports
async await in Go explained with code 🎉,technology
Match recap: CSK win thriller,sports
Match recap: MI win thriller,sports
wait for it #reels #fyp,short_form_video
Throwback to Kolkata trip,social
Story time: my your mom finds your phone,social
generics in Python explained with code 🤯,technology
Funniest office moments of 2025 👀,entertainment
Notion template for ML engineers,productivity
Best Minecraft settings for 21 fps 🎉,gaming
SHOCKING truth about cat EXPOSED,clickbait
How I cracked Microsoft internship,career
a famous actor reacts to gym,entertainment
Free Fire ranked gameplay 30 kills,gaming
POV: your mom finds your phone #shorts,short_form_video
Minecraft ranked gameplay 13 kills,gaming
Pomodoro study timer with lofi,productivity
Kohli century full ininngs,sports
Wedding season outfits ootd | How I cracked Microsoft internship,social
How I cracked Microsoft internship,career
pov: first day at college #shorts,short_form_video
class 14 fluid mechanics derivation and examples,education
Sponsored: try boAt free for 7 days,advertising
graph theoryf ull course for beginners,education
Building a URL shortenerw ith Python,technology
what happens next will blow your mind | Government announces education reform,clickbait
Story time: my exam tomorrow,social
Best comedy sketches compilation,entertainment
36 secrets they don't want you to know | Post-match press conference CSK,clickbait
Use promo code SAVE2 at Myntra | My 5-hour deep work routine,advertising
wait for it #reels #fyp 👀,short_form_video
What happens next will blow your mind | organic chemistry in one shot | revision notes,clickbait
Post-match press conference MI,sports
How I plan my week for maximum focus,productivity
Match recap: CSK win thriller,sports
MIT OpenCourseWare operating systems lecture 9 😱 | How to solve thermodynamics problems step by step,education
closures in TypeScript explained with code,technology
Match recap: CSK win thriller,sports
a popular YouTuber reacts to cat,entertainment
Explained: why budget session matters 😱 | SHOCKING truth about office EXPOSED,news
Throwback to Kolkata trip 💯,social
35 secrets they don't want you to know,clickbait
Match recap: CSK win thriller 📚,sports
BGMI funny moments montage | decorators in Go explained with code,gaming
How I plan my week for maximum focus 🤯,productivity
Use promo code SAVE33 at boAt,advertising
My 35-hour deep work routine 🤯,productivity
Let's play Free Fire part 34,gaming
Throwback to Mumbai trip | #shorts cricket in 30 seconds 🎉,social
Weekend vibes with the gang,social
weekend vibes with teh gang,social
TypeScript tutorial: async await,technology
Funniest cat moments of 2026,entertainment
9 secrets they don't want you to know,clickbait
SHOCKING truth about gym EXPOSED 🎉,clickbait
Sponsored: try Myntra free for 32 days 🤯,advertising
NPTEL week 24: control systems,education
Kohli century full innings 🔥 | Use promo code SAVE14 at boAt,sports
valorant speedrun world record attempt | valorant ranked gameplay 25 kills 🔥,gaming
1 secrets they don't want you to know,clickbait
"Limited offer on iPhone, order now 📚",advertising
Java tutorial: generics,technology
Breaking: budget session live updates,news
Salary negotiation tips for new grads,career
microeconomics in one shot | revision notes 🤯,education
Kolkata monsoon floods: what we know so far,news
a popular YouTuber reacts to cat,entertainment
Throwback to Kolkata trip 😂 | Salary negotiation tips for new grads,social
How I plan my week for maximum focus,productivity
Lecture 18: fluid mechanics explained | POV: first day at college #shorts 🤯,education
let's play bgmi part 25,gaming
NPTEL week 24: thermodynamics,education
thermodynamics in one shot | revision notes 🎉,education
How I plan my week for maximum focus,productivity
Wedding season outfits ootd,social
My 16-hour deep work routine 👀,productivity
"limited offe ron iphone, order now",advertising
Deploying URL shortener on Kubernetes 📚,technology
mock interview: data analyst system design round,career
mit opencourseware linear algebra lecture 18,education
dynamic programming in one shot | revision notes 📚,education
Government announces tax reform 👀,news
Match recap: CSK win thriller,sports
Pomodoro study timer with lofi,productivity
prank on my roommate gone hilarious,entertainment
a famous actor reacts to office 😂,entertainment
closures in Python explained with code,technology
closures in Python explained with code,technology
POV: your mom finds your phone #shorts,short_form_video
Notion template for data analysts,productivity
Bengaluru monsoon floods: what we know so far,news
My 22-hour deep work routine 🤯,productivity
deploying portfolio site on kubernetes 😂 | Habits that fixed my time management,technology
minecraft speedrun world record attempt,gaming
How I cracked Zomato internship,career
BGMI funny moments montage,gaming
Pomodoro study timer with lofi 🎉,productivity
Free Fire funny mometns montage,gaming
What happens next will blow your mind 😂,clickbait
Birthday dump with friends | Use promo code SAVE6 at Myntra,social
"boAt sale: 2% off today only, shop now",advertising
Top 10 goals of the La Liga season 😂,sports
Placement preparation roadmap 2026,career
Placement preparation roadmap 2024,career
how i plan my week for maximum focus,productivity
Try not to laugh challenge #11,entertainment
Breaking: election results live updates,news
Placement preparation roadmap 2025,career
Building a chat app with Python 👀,technology
memory management in rust explained with code,technology
KKR vs SRH highlights | IPL 2025,sports
Class 28 fluid mechanics deriavtion and examples,education
Sponsored: try boAt free for 30 days 💯,advertising
class 19 microeconomics derivation and examples,education
Birthday dump with friends | Best Minecraft settings for 30 fps 😂,social
Deploying URL shortener on Kubernetes,technology
RCB vs SRH highlights | IPL 2024,sports
match recap: csk win thriller | kkr vs pbks highlights | ipl 2026 🎉,sports
psot-match press conference kkr | Notion template for SDEs 🤯,sports
"Nykaa sale: 8% off today only, shop now 😱 | Salary negotiation tips for new grads",advertising
Explained: why metro expansion matters,news
pant century full innings,sports
"pov: first day at college #shorts 🤯 | Limited offer on iPhone, order now",short_form_video
how i plan my week for maximmu focus | You won't believe what a pop star did next!!! 😂,productivity
BGMI ranked gameplay 5 kills 📚 | 39 secrets they don't want you to know 😱,gaming
Mumbai budget session: what we know so far,news
Prank on my roommate gone hilarious,entertainment
Prank on my roommate gone hilarious,entertainment
Use promo code SAVE12 at Nykaa 🤯,advertising
organic chemistry full course for beginners,education
BGMI ranked gameplay 24 kills 🤯,gaming
a popular YouTuber reacts to cat,entertainment
15 sercets they don't want you to know,clickbait
Let's play Free Fire part 27,gaming
Salary negotiation tips for new grads,career
probability in one shot | revision notes | control systems full course for beginners 😂,education
top 10 goals of the isl season 📚,sports
What happens next will blow your mind 😱,clickbait
operating systems full course for beginners,education
Valorant speedrun world record attempt 🔥 | best comedy sketches compilation,gaming
Habits that fixed my time management,productivity
How I cracked Amazon internship 🤯,career
POV: your mom finds your phone #shorts | Government announces tax reform 📚,short_form_video
#shorts office in 30 seconds 📚,short_form_video
Delhi budget session: what we know so far 👀,news
Class 20 organic chemistry derivation and examples 🤯,education
Notion template for SDEs,productivity
Class 9 microeconomics derivation and examples 🔥 | BGMI speedrun world record attempt 💯,education
TypeScript tutorial: async await 🔥,technology
Class 35 organic chemistry derivation and examples,education
linear algebra in one shot | revision notes,education
Birthday dump with friends 🎉,social
a pop star reacts to cooking,entertainment
How to solve thermodynamics problems step by step,education
Pomodoro study timer with lfoi,productivity
#shorts gym in 30 seconds,short_form_video
Salary negotiation tips for new grads,career
Prank on my roommate gone hilarious | Wedding season outfits ootd,entertainment
bgmi funny moments montage 👀,gaming
"boAt sale: 32% off today only,s hop now 😱",advertising
What's new in Java 23.0 🔥,technology
Government announces health reform,news
Top 10 goals of the Premier League season | Mock interview: ML engineer system design round,sports
How I cracked Microsoft internship,career
"boAt sale: 33% off today only, shop now",advertising
Best comedy sketches compilation,entertainment
Biulding a URL shortener with Python,technology
Mock interview: PM system design round 😱 | SHOCKING truth about cat EXPOSED,career
You won't believe what a popular YouTuber did next!!!,clickbait
what's new in java 17.0,technology
Birthday dump with friends,social
26 secrets they don't want you to know,clickbait
Story time: my exam tomorrow | What happens next will blow your mind,social
Top 10 goals of the La Liga season,sports
You won't believe what a popular YouTuber did next!!!,clickbait
Minecraft speedrun world record attempt,gaming
8 secrets they don't want you to know 😂,clickbait
SHOCKING truth about gym EXPOSED | What happens next will blow your mind 👀,clickbait
You won't believe what a famous actor did next!!!,clickbait
Top headlines today: metro expansion,news
Salary negotiation tips for new grads 📚,career
What happens next will blow your mind,clickbait
Habits that fixed my time management 💯,productivity
Best Valorant settings for 30 fps,gaming
a pop star new movie trailer reaction,entertainment
POV: your mom finds your phone #shorts | Building a portfolio site with Python 💯,short_form_video
Bets comedy sketches compilation,entertainment
Notion template for ML engineers,productivity
Notion template for data analysts,productivity
Let's play Minecraft part 5,gaming
Habits that fixed my time management,productivity
Bengaluru election results: what we know so far 🎉,news
Minecraft ranked gameplay 25 kills 💯 | Doctors hate this gym secret,gaming
Post-match press conference RCB 😱,sports
How I plan my week for maximum focus,productivity
cooking hack you need #shorts #viral,short_form_video
Prank on my roommate gone hilarious | wait fo rit #reels #fyp 📚,entertainment
Match recap: MI win thriller,sports
SHOCKING truth about gym EXPOSED 🎉,clickbait
Weekend vibes with the gang 👀,social
Explained: why monsoon floods matters,news
Microsoft interview experience for PM 🔥,career
Top 10 goals of the ISL season,sports
Weekend vibes with the gang,social
How to solve microeconomics problems step by step,education
How I plan my week for maximum focus,productivity
"nykaa sale: 32% off today only, shop now 👀 | What's new in Go 28.0 🎉",advertising
Pomodoro study timer with lofi 📚,productivity
my 22-hour deep work routine,productivity
wait for it #reels #fyp,short_form_video
What's new in TypeScript 7.0 🔥,technology
Sponsored: try Nykaa free for 5 days,advertising
a pop star reacts to cricket,entertainment
What happens next will blow your mind,clickbait
Throwback to Kolkata trip 🔥,social
How I plan my week for maximum focus,productivity
Google interview experience for PM,career
exam hack you need #shorts #viral,short_form_video
a popular YouTuber new movie trailer reaction,entertainment
Explained: why metro expansion matters,news
Top 10 goals of the ISL season,sports
What's new in Go 33.0,technology
Best comedy sketches compilation 📚,entertainment
Deploying portfolio site on Kubernetes,technology
shocking truth about gym exposed,clickbait
Lecture 37: control systems explained 🔥,education
How I plan my week for maximum focus 🔥,productivity
POV: exam tomorrow #shorts,short_form_video
Salary negtoiation tips for new grads 🎉,career
Go tutorial: memory management 🔥 | Best comedy sketches compilation,technology
POV: first day at college #shorts,short_form_video
this trend is everywhere #reels,short_form_video
prank on my roommate gone hilarious 😂,entertainment
Throwback to Delhi trip 💯 | POV: exam tomorrow #hsorts,social
NPTEL week 28: organic chemistry 😱,education
Post-match press conference MI,sports
"boAt sale: 12% off today only, shop now",advertising
Explained: why monsoon floods matters 📚,news
a popular YouTuber new movie trailer reaction | Mumbai monsoon floods: what we know so far,entertainment
How I cracked Amazon internship,career
Prank no my roommate gone hilarious | a famous actor new movie trailer reaction,entertainment
Use promo code SAVE8 at boAt,advertising
How I plan my week for maximum focus,productivity
Free Fire ranked gameplay 4 kills,gaming
Salary negotiation tips for new grads 🤯,career
My 22-hour deep work routine,productivity
Top headlines today: monsoon floods,news
"Nykaa sale: 19% off today only, shop now 😱",advertising
you won't believe what a famous actor did next!!! 👀,clickbait
Weekend vibes with the gang,social
Top headlines today: election results,news
You won't believe what a famous actor did next!!!,clickbait
Weekend vibes with the gang,social
My 34-hour deep work routine 🤯,productivity
How to solve graph theory problems step by step,education
Java tutorial: generics,technology
BGMI ranked gameplay 38 kills,gaming
Weekend vibes with the gang,social
How to solve control systems problems step by step,education
Salary negotiation tips for new grads | Top 10 goals of the La Liga season,career
Free Fire speedrun world record attempt,gaming
MIT OpenCourseWare operating systems lecture 35,education
What happens next will blow your mind 🔥,clickbait
"How to solve thermodynamics problems step by step | Limited offer on Galaxy, order now",education
BGMI funny moments montage,gaming
Habits that fixed my time management,productivity
Explained: why monsoon floods matters 👀,news
thermodynamics in one shot | revision notes,education
"Nykaa sale: 37% off today only, shop now",advertising
Mock interview: SDE system design round,career
Doctors hate this office secret 😱 | Match recap: CSK win thriller,clickbait
Docotrs hate this cat secret 🎉,clickbait
Notion template for PMs,productivity
SHOCKING truth about cricket EXPOSED,clickbait
NPTEL week 16: fluid mechanics 💯,education
Best Valorant settings for 11 fps,gaming
"Limited offer on Galaxy, order now 😱",advertising
#shorts gym in 30 seconds,short_form_video
Doctors hate this cat secret,clickbait
wait for it #reels #fyp 🔥,short_form_video
NPTEL week 2: microeconomics,education
Top headlines today: metro expnasion,news
Placement preparation roadmap 2024,career
Try not to laugh challenge #2,entertainment
Free Fire funny moments montage,gaming
TypeScript tutorial: decorators 👀,technology
Birthday dump with friends | What happens next will blow your mind 💯,social
Prank on my roommate gone hilarious,entertainment
Pixel review after 30 days,technology
"boAt sale: 11% off today only, shop now",advertising
Salary negotiation tips for new grads,career
Best comedy sketches compilation,entertainment
How to solve linear algebra problems step by step 💯,education
KKR vs SRH highlights | IPL 2026 😱,sports
closures in TypeScript explained with code | POV: first day at college #shorts 😂,technology
graph theory in one shot | revision notes,education
Lecture 38: control systems explained,education
Mock interview: PM system design round,career
Lecture 9: dynamic programming explained,education
weekend vibes with the gang 📚,social
What happens next will blow your mind | placement preparation roadmap 2024,clickbait
Explained: why election results matters,news
Try not to laugh challenge #19,entertainment
MI vs SRH highlights | IPL 2026,sports
cricket hack you need #shorts #viral,short_form_video
BGMI speedrun world record attempt,gaming
throwbcak to kolkata trip,social
Valorant speedrun world record attempt,gaming
What's new in Rust 9.0,technology
Match recap:C SK win thriller 🔥,sports
resume tips for pm freshers 🎉,career
Ho wto solve dynamic programming problems step by step 😱,education
How I plan my week for maximum focus 😂,productivity
async await in Rust explained with code 😂,technology
delhi election results: what we know so far,news
Prank on my roommate gone hilarious,entertainment
Building a chat app with Java,technology
Placement preparation roadmap 2024,career
Birthday dump with friends 👀,social
Salary negotiation tips for new grads,career
BGMI funny moments montage 😂,gaming
best bgmi settings for 21 fps,gaming
iPhone review after 30 days 🤯,technology
My 37-hour deep work routine,productivity
Breaking: budget session live updates,news
Mock interview: data analyst system design round,career
Weekend vibes with the gang 😱,social
a pop star reacts to gym,entertainment
Throwback to Bengaluru trip,social
Throwback to Bengaluru trip,social
you won't believe what a pop star did next!!! | How to solve thermodynamics problems step by step,clickbait
Best Minecraft settings for 30 fps | Pomodoro study timer with lofi,gaming
Top 10 goals of the La Liga season 🎉,sports
MIT OpenCourseWare control systems lecture 26 📚,education
Placement preparation roadmap 2024 | Mumbai election results: what we know so far,career
"Limited offer on iPhone, order now",advertising
"boat sale: 27% off today only, shop now 🤯 | Mock interview: ML engineer system design round 👀",advertising
Building a recommendation engine with Java 📚,technology
Try not to laugh challenge #10 🎉,entertainment
a famous actor reacts to exam,entertainment
Placement preparation roadmap 2024 🔥,career
Notion template for ML engineers,productivity
Sponsored: try Myntra free for 21 days 😱,advertising
How I plan my week for maximum focus,productivity
this trend is everywhere #reels | Throwback to Delhi trip,short_form_video
Weekend vibes with the gang,social
"boAt sale: 1% off today only, shop now",advertising
Try not to laugh challenge #16 😱,entertainment
Zomato interview experience ofr ML engineer,career
Doctors hate this cricket secret,clickbait
salary negotiation tips for new grads 👀,career
Habits that fixed my time management,productivity
kolkata budget session: what we know so far 🤯,news
Sponsored: try Myntra free for 27 days,advertising
How I plan my week for maximum focus,productivity
Try not to laugh challenge #33 🤯,entertainment
Google interview experience for data analyst 🎉,career
Doctors hate this gym secret 🔥,clickbait
How I cracked Amazon internship | wait for it #reels #fyp,career
Post-match press conference MI 💯,sports
Best Valorant settings for 27 fps,gaming
Buildin ga recommendation engine with Rust 🤯,technology
"myntra sale: 9% off today only, shop now 💯",advertising
Top 10 goals of the ISL season,sports
Wedding season outfits ootd | wedding season outfits ootd,social
SHOCKING truth about office EXPOSED,clickbait
Wedding season outfits ootd,social
Post-match press conference KKR,sports
Doctors hate this cricket secret 🤯,clickbait
Best comedy sketches compilation 💯,entertainment
Birtdhay dump with friends,social
weekend vibes with the gang,social
SHOCKING truth about cooking EXPOSED,clickbait
Doctors hate this exam secret 😂 | Post-match press conference MI,clickbait
Delhi metro expansion: what we know so far,news
Throwbakc to Bengaluru trip 👀,social
best bgmi settings for 36 fps,gaming
sponsored: try boat free for 31 days,advertising
Throwback to Kolkata trip,social
NPTEL week 25: linear algebra,education
"Limited ofefr on iPhone, order now | How I plan my week for maximum focus",advertising
throwback to mumbai trip 🔥,social
Minecraft funny moments montage 😂,gaming
Top 10 goals of the Premier League season,sports
How I plan my week for maximum focus 👀,productivity
Top 10 goals of the La Liga season,sports
Resume tips for ML engineer freshers 🎉,career
wait for it #erels #fyp 💯,short_form_video
BGMI speedru nworld record attempt,gaming
Use promo code SAVE22 at Nykaa 🎉,advertising
Placement preparation roadmap 2025 📚,career
How I cracked Amazon internship,career
Let's play Valorant part 36,gaming
a pop star reacts to office,entertainment
#shorts exam in 30 seconds,short_form_video
Birthday dump with friends,social
my 1-hour deep work routine 🔥,productivity
Sponsored: try boAt free for 17 days,advertising
wait for it #reels #fyp,short_form_video
a famous actor new movie trailer reaction 😂,entertainment
Top 10 goals of the ISL season,sports
Notion template for adta analysts,productivity
Use promo code SAVE6 at Nykaa,advertising
post-match press conference mi,sports
Pomodoro study timer with lofi 🎉,productivity
Doctors hate this cat secret 🎉 | Birthday dump with friends,clickbait
Prank on my roommate gone hilarious,entertainment
Best BGMI settings for 26 fps,gaming
Pant century full innings 🔥,sports
Post-match prses conference RCB,sports
Delhi monsoon floods: what we know so far,news
"boAt sale: 1% off today only, shop now",advertising
Doctors hate this gym secret,clickbait
You won't believew hat a famous actor did next!!!,clickbait
What's new in Java 21.0,technology
Explained: why election results matters,news
sponsored: try boat free for 14 days,advertising
Class 16 fluid mechanics derivation and examples 🎉 | sponsored: try boat fere for 4 days,education
"Limited offer on iPhone, order now | wait for it #reels #fyp",advertising
Notion template for SDEs,productivity
Habits that fixed my time management 🔥 | Sponsored: try Myntra free for 9 days 💯,productivity
Top 10 goals of the ISL season 🤯 | Pomodoro study timer with lofi,sports
decorators in Java explained with code 🔥 | Match recap: KKR win thriller,technology
Placement preparation roadmap 2025,career
Funniest cat moments of 2025 👀,entertainment
Delhi election results: what we know so far,news
My 34-hour deep work routine,productivity
Let's play Valorant part 39,gaming
SHOCKING truth about gym EXPOSED,clickbait
Explained: why budget session matters,news
Free Fire ranked gameplay 16 kills | What hpapens next will blow your mind,gaming
a pop star reacts to cooking,entertainment
"Mock interview: SDE system design round | Limited offer on OnePlus, order now",career
Prank on my roommate gone hilarious,entertainment
Kohli century full innings,sports
SHOCKING truth about gym EXPOSED,clickbait
Kohli century full innings 🔥,sports
Building a URL shortener with Go,technology
NPTEL week 2: probability,education
Best Minecraft settings for 37 fps,gaming
Mumbai budget session: what we know so far,news
Mumbai budget session: what we know so far,news
Use promo code SAVE24 at Nykaa,advertising
My 38-hour deep work routine,productivity
Rust tutorial: generics 📚,technology
Placement preparation roadmap 2026 👀,career
valorant ranked gameplay 38 kills,gaming
fluid mechanics full course for beginners,education
cricket hack you need #shorts #viral,short_form_video
what happens next will blow your mind,clickbait
a famous actor reacts to cooking 💯,entertainment
a popular YoTuuber new movie trailer reaction 🔥,entertainment
SHOCKING truth about exam EXPOSED,clickbait
organic chemistry in one shot | revision notes | thermodynamics in one shot | revision notes,education
Kolkata budget session: what we know so far,news
funniest cooking moments of 2026,entertainment
nptel week 17: microeconomics,education
How I plan my week for maximum focus,productivity
rust tutorial: generics 💯,technology
Top 10 goals of the La Liga season 📚,sports
linear algebra in one shot | revision notes,education
Mock interview: data analyst system design round,career
CSK vs PBKS highlights | IPL 2025,sports
SHOCKING truth about office EXPOSED 😱 | dynamic programming full course for beginners 😱,clickbait
BGMI speedrun world record attempt,gaming
Doctors hate this office secret 🎉,clickbait
Weekend vibes with th egang,social
Python tutorail: decorators,technology
top headlines today: metro expansion,news
Let's play Valorant part 15,gaming
Funniest exam moments of 2026,entertainment
Mock interview: data analyst system design round,career
Building a recommendation engine with Java,technology
Salary negotiaiton tips for new grads 😂,career
Habits that fixed my time management,productivity
Match recap: RCB win thriller 📚,sports
Top headlines today: election results,news
microsoft interview experience for ml engineer,career
Post-match press conference MI,sports
sponsored: try boat free for 21 days,advertising
You won't believe what a famous actor did next!!! 🎉,clickbait
Deploying portfolio site on Kubernetes,technology
Building a chat app with TypeScript,technology
graph hteory full course for beginners,education
Deploying portfolio site on Kubernetes 🔥,technology
Explained: why electionr esults matters,news
Minecraft funny moments montage,gaming
Salary negotiation itps for new grads 👀,career
Top headlines today: monsoon floods 💯,news
Free Fire funny moments montage,gaming
Story time: my your mom finds your phone,social
TypeScript tutorial: memory management,technology
prank on my roommate gone hilarious | What happens next will blow your mind,entertainment
a pop star reacts to gym 💯,entertainment
TypeScript tutorial: async await,technology
Try not to laugh challenge #19,entertainment
#shorts cricket in 30 seconds,short_form_video
Wedding season outfits ootd,social
this trend is everywhere #reels,short_form_video
KKR vs PBKS highlights | IPL 2026,sports
POV: exam tomorrow #shorts,short_form_video
you won't believe what a popular youtuber did netx!!!,clickbait
probability full course for beginners 🔥,education
"Limited offer on Galaxy, order now | Deploying chat app on Kubernetes",advertising
Weekend vibes with the gang,social
Pant century full innings 📚,sports
how i cracked google internship,career
My 37-hour deep work routine,productivity
Weekend vibes with the gang,social
operating systems full course for beginners,education
Mumbai metro expansion: what we know so far,news
story time: my exam tomorrow,social
Salary negotiation tips for new grads,career
Galaxy review after 30 days,technology
Top 10 goals of the Premier League season 🔥,sports
SHOCKING truth about cooking EXPOSED,clickbait
Placement preparation roadmap 2026,career
plaecment preparation roadmap 2025 👀,career
probability in one shot | revision notes 🎉,education
government announces tax reform,news
a popular YouTuber reacts to gym,entertainment
What happens next will blow your mind 📚,clickbait
Placement preparation roadmap 2025,career
What's new in Python 10.0,technology
Top headlines today: election results,news
Python tutorial: closures,technology
linear algebra full course for beginners 🔥 | How to solve graph theory problems step by step,education
Weekend vibes with the gang 📚,social
Let's play Minecraft part 28 💯 | Best Free Fire settings for 37 fps,gaming
Mock interview: SDE system design round,career
SHOCKING truth about cat EXPOSED,clickbait
Weekend vibes with the gang,social
RCB vs GT highlights|  IPL 2025,sports
You won't believe what a popular YouTuber did next!!! 📚,clickbait
Deploying recommendation engine on Kubernetes,technology
match recap: csk win thriller,sports
#shorts exam in 30 seconds | a pop star new movie trailer reaction,short_form_video
Government announces education reform,news
Post-match press conference MI,sports
Top 10 goals of the ISL season 😂,sports
Throwback to Mmubai trip,social
Sponsored: try Nykaa free for 24 days 💯,advertising
wait for it #reels #fyp 📚,short_form_video
top 10 goals of the premier league season 😱,sports
graph theory full course for beginners 👀,education
Explained: why ubdget session matters,news
a popular YouTuber reacts to cricket 👀,entertainment
You won't believe what a popular YouTuber did next!!!,clickbait
Try not to laugh challenge #3,entertainment
operating systems full course for beginners,education
Free Fire ranked gameplay 29 kills,gaming
Match recap: CSK win thriller,sports
Best BGMI settings for 25 fps 😱,gaming
Match recap: RCB win thriller 💯,sports
a famous actor reacts to cooking,entertainment
Sponsored: try boAt free for 23 days,advertising
Habits that fixed my time management,productivity
Amazon interview experience for data analyst,career
Doctors hate this office secret 📚,clickbait
"Nykaa sale: 30% off today only, shop now",advertising
Birthday dump with friends,social
Bengaluru metro expansion: what we know so far,news
salary negotiation tips for new grads,career
You won't believe what a pop star did next!!!,clickbait
"Limited offer on iPhone, order now 👀",advertising
#shorts cat in 30 seconds 🤯,short_form_video
NPTEL week 2: linear algebra | Lecture 9: organic chemistry explained,education
POV: your mom finds your phone #shorts 😂,short_form_video
Wedding season outfits ootd,social
Post-match press conference RCB 📚,sports
You won't believe what a pop star did next!!!,clickbait
Let's play Free Fire part 3 💯,gaming
NPTEL week 9: dynamic programming,education
Sponsored: try Myntra free for 31 days,advertising
Sponsored: try Nykaa free for 16 days | Best comedy sketches compilation 🔥,advertising
Try not to laugh challenge #21 📚 | Post-match press conference MI,entertainment
Post-match press conference MI,sports
SHOCKING truth about gym EXPOSED 👀,clickbait
POV: exam tomorrow #shorts,short_form_video
NPTEL week 10: dynamic programming 🔥,education
Building a URL shortener with Java,technology
Best Valorant settings for 2 fps,gaming
how i cracked zomato internship,career
Breaking: election results live updates,news
You won't believe what a famous actor did next!!! 🤯,clickbait
Weekend vibes with the gang,social
Doctors hate this gym secret 💯,clickbait
thermodynamics in one shot | revision notes,education
What's new in Python 3.0,technology
Try not to laugh challenge #5,entertainment
Government announces tax reform,news
What's new in Rust 35.0 🎉,technology
Buliding a portfolio site with TypeScript 📚,technology
"Limited offer on OnePlus, order now",advertising
Use promo code SAVE25 at Nykaa 😂 | #shorts cooking in 30 seconds,advertising
Mock interview: PM system design round,career
Notion template for data analysts | You won't believe what a famous actor did next!!!,productivity
"Limited offer on Pixel, order now 💯",advertising
Habits that fixed my time management,productivity
what's new in typescript 4.0,technology
How to solve linear algebra problems step by step 📚,education
wait for it #reels #fyp,short_form_video
best valorant settings for 11 fps,gaming
Mathc recap: RCB win thriller 📚,sports
csk vs pbks highlights | ipl 2025 🎉 | Placement preparation roadmap 2026,sports
Wedding season outfits ootd | BGMI speedrun world record attempt,social
memory management in Rust explained with code,technology
habits that fixed my time management,productivity
async await in TypeScript explained with code 😱,technology
Bengaluru election results: what we know so far,news
Placement preparation roadmap 2026 💯 | Notion template for PMs,career
"Limited offer on OnePlus, order now | Salary negotiation tips for new grads",advertising
Deploying chat app on Kubernetes 💯,technology
Sponsored: rty boAt free for 22 days,advertising
Python tutorial: closures,technology
How I cracked Infosys internship,career
Delhi metro expansion: what we know so far,news
MI vs GT highlights | IPL 2025 🔥,sports
Post-match press conference CSK 😂,sports
organic chemistry in one shot | revision notes,education
Breaking: election results live updates,news
BGMI funny moments montage 📚,gaming
Resume tips for PM freshers,career
Birthday dump with friends,social
Building a portfolio site with TypeScript,technology
my 38-hour deep work routine,productivity
Lecture 2: organic chemistry explained,education
a famous actor new movie trailer reaction,entertainment
a famous actor reacts to gym,entertainment
Wedding season outfits ootd 🎉 | SHOCKING truth about cat EXPOSED,social
"Limited offer on Pixel, order now",advertising
Amazon interview experience for ML engineer,career
Match recap: KKR win thriller 😱,sports
Match ercap: CSK win thriller,sports
CSK vs SRH highlights | IPL 2024 🔥,sports
3 3secrets they don't want you to know,clickbait
Mock interview: PM system design round,career
Pant century full innings,sports
Breaking: metro expansion live updates,news
NPTEL week 30: thermodynamics 📚,education
Government announces education reform,news
What happens next will blow your mind | story time: my your mom finds your phone,clickbait
Sponsored: try Myntra free for 12 days,advertising
Top headlines today: metro expansion,news
#shorts exam in 30 seconds,short_form_video
Kolkata metro expansion: what we know so far,news
#shorts cooking in 30 seconds,short_form_video
Resume tips for ML engineer freshers 👀,career
How I plan my week for maximum focus,productivity
Try not to laugh challenge #5 😂,entertainment
KKR vs GT highlights | IPL 2026,sports
shocking truth about exam exposed,clickbait
Throwback to Delhi trip 📚,social
Kolkata metro expansion: what we know so far 😱 | What's new in Go 27.0,news
generics in Python explained with code 🎉,technology
"Nykaa sale: 7% off today only, shop now 💯",advertising
RCB vs PBKS highlights | IPL 2026 🔥,sports
Resume tips for ML engineer freshers,career
Birthday dump with friends 😱,social
Placement preparation roadmap 2025,career
Salary negotiation tips for new grads 🎉,career
a famous actor new movie trailer reaction,entertainment
#shorts cricket in 30 seconds,short_form_video
Match recap: MI win thriller 💯,sports
sponsored: try nykaa free for 11 days 😱,advertising
How I cracked Zomato internship,career
gym hack you need #shorts #viral 🔥,short_form_video
POV: first day at college #shorts,short_form_video
How I plan my week for maximum ofcus,productivity
Birthday dump with friends,social
#shorts cooking in 30 seconds,short_form_video
Lecture 33: thermodynamics explained 😱,education
How I cracked Google internship 💯,career
async await in Python explained with code | wait for it #reels #fyp 😱,technology
"boAt sale: 31% off today only, shop now",advertising
What's new in TypeScript 13.0 | Resume tips for PM freshers 😱,technology
My 13-hour deep work routine,productivity
Post-match press conference CSK 😂,sports
gill century full innings,sports
"bAot sale: 13% off today only, shop now",advertising
Birthday dump with friends,social
Habits that fixed my time management 😂,productivity
#shorts gym in 30 seconds | Explained: why election results matters 😱,short_form_video
Explained: why election results matters 💯,news
mock interview: data analyst system design round | kkr vs gt hgihlights | ipl 2025,career
thermodynamics full course for beginners,education
Free Fire ranked gameplay 37 kills 📚 | Mock interview: SDE system design round 🔥,gaming
Use promo code SAVE30 at Myntra,advertising
Top headlines today: budget session,news
KKR vs PBKS highlights | IPL 2025,sports
Notion template for data analysts,productivity
Sponsored: try Myntra free for 7 days,advertising
Pixel review after 30 days | this trend is everywhere #reels,technology
35 secrets they don't want you to know,clickbait
cooking hack you need #shorts #viral,short_form_video
Pomodoro study timer with lofi,productivity
cooking hack you need #shorts #viral,short_form_video
MI vs SRH highlights | IPL 2024 🎉,sports
Best comedy sketches compilation,entertainment
wait for it #reels #fyp 😂,short_form_video
"boat sale: 37% off today only, shop now 😱",advertising
a popular YouTubern ew movie trailer reaction,entertainment
Let's play BGMI part 7,gaming
Class 11 probability derivation and examples,education
Explained: why budget session matetrs 🤯,news
Funniest cat moments of 2025 🤯 | birthday dump with friends,entertainment
Best Valorant settings for 11 fps,gaming
Prank on my roommate gone hilarious,entertainment
Best Valorant settings for 24 fps,gaming
"nykaa sale: 28% off today only, shop now",advertising
Sponsored: try boAt free for 16 days 😱,advertising
#shorts cat in 30 seocnds,short_form_video
How I cracked Amazon internship 📚,career
NPTEL week 10: linear algebra,education
how to solve operating systems problems step by step | MIT OpenCourseWare control systems lecture 9 💯,education
office hack you need #shorts #viral,short_form_video
Birthday dump with friends,social
Minecraft speedrun world record attempt 🔥 | Birthday dump with friends,gaming
KKR vs DC highlights | IPL 2026,sports
Explained: why monsoon floods matters,news
weekend vibes with the gang,social
Minecraft funny moments montage | RCB vs SRH highlights | IPL 2024 💯,gaming
operating systems in one shot | revision notes | Throwback to Delhi trip,education
Breaking: election results live updates,news
Try not to laugh challenge #1,entertainment
Habits that fixed my time management,productivity
Sponsored: try Nykaa free for 11 days,advertising
Post-match press conference MI 🎉 | POV: exam tomorrow #shorts,sports
How to solve operating systems problems step by step 🔥,education
Galaxy review after 30 days 🔥,technology
let's play valorant part 33,gaming
doctors hate this cooking secret,clickbait
this trend is everywhere #reels,short_form_video
placement preparation roadmap 2025,career
what's new in rust 10.0 📚,technology
You won't believe what a popular YouTuber did next!!!,clickbait
government announces education reform,news
Pomodoro study timer with lofi,productivity
NPTEL week 6: probability 🔥,education
Mock interview: ML engineer system design round,career
Top headlines today: budget session 🎉,news
Notion template for SDEs,productivity
Post-match press conference MI,sports
14 secrets they don't want you to know,clickbait
SHOCKING truth about cooking EXPOSED,clickbait
gill century full innings,sports
Weekend vibes with the gang,social
BGMI funny moments montage,gaming
Birthday dump with friends 🔥 | 1 secrets they don't want you to know 👀,social
What's new in Java 5.0,technology
this trend is everywhere #reels 😂,short_form_video
Notion template for ML engineers 📚,productivity
NPTEL week 19: thermodynamics,education
Class 18 operating systems derivation and examples,education
habits that fixed my time manaegment,productivity
this trend is everywhere #reels,short_form_video
Throwback to Mmubai trip,social
Habits that fixed my time management,productivity
SHOCKING truht about exam EXPOSED | My 3-hour deep work routnie,clickbait
Breaking: metro expansion live updates 💯,news
class 9 operating systems derivation and examples,education
Resume tips for SDE freshers 👀,career
Go tutorial: closures 👀,technology
Story time: my your mom finds your phone,social
gym hack you need #shorts #viral,short_form_video
cat hack you need #shorts #viral 👀,short_form_video
Best Minecraft settings for 9 fps,gaming
Mock interview: ML engineer system design round,career
closures in TypeScript explained with code,technology
wait for it# reels #fyp 💯,short_form_video
How I cracked Amazon internship,career
Breaking: budget session live updates,news
pov: first day at college #shorts,short_form_video
POV: your mom finds your phone #shorts 🎉,short_form_video
use promo code save21 at boat,advertising
Top headlines today: budget session 📚,news
this trend is everywhere #reels 😂,short_form_video
Explained: why budget session matters | Weekend vibes with the gang,news
Lecture 35: graph theory explained,education
What's new in Rust 30.0,technology
Valorant ranked gameplay 10 kills,gaming
Prank on my roommate gone hilarious,entertainment
Wedding season outfits ootd,social
Lecture 16: dynamic programming explained | Placement preparation roadmap 2026,education
story time: my exam tomorrow 😱,social
how i cracked amazon internship 🔥,career
Free Fire speedrun world record attempt,gaming
33 secrets they don't want you to know 💯 | Habits that fixed my time management 🤯,clickbait
Doctors hate this gym secret 🔥,clickbait
Let's play Minecraft part 7,gaming
MIT OpenCourseWare graph theory lecture 24,education
Pomodoro study timer with lofi,productivity
governmen tannounces education reform 😱 | Story time: my your mom finds yourp hone 🎉,news
How to solve operating systems problems step by step,education
Lecture 10: fluid mechanics explained,education
TypeScript tutorial: decorators,technology
cricket hack you need #shorts #viral 👀,short_form_video
class 18 linear algebra derivation and examples 🤯,education
Pomodoro study timer with lofi,productivity
My 38-hour deep work routine 😂,productivity
Let's play BGMI part 5,gaming
BGMI ranked gameplay 2 kills,gaming
Best Free Fire settings for 15 fps 🤯,gaming
microeconomics full course for ebginners,education
this trend is everywhere #reels 🤯,short_form_video
"Limited offer on OnePlus, order now 🤯 | #shorts office in 30 seconds",advertising
OnePlus review after 30 days 🤯,technology
Lecture 21: probabiltiy explained,education
How I lpan my week for maximum focus 👀 | Breaking: metro expansion live updates,productivity
Deploying recommendtaion engine on Kubernetes,technology
Let's play BGMI part 7,gaming
Weekend vibes with the gang,social
Throwback to Delhi trip,social
Minecraft ranked gameplay 6 kills,gaming
Salary negotiation tips for new grads 📚,career
Java tutorial: closures 🔥,technology
Top 10 goals of the ISL season | this trend is everywhere #reels 😱,sports
decorators in java explained with code,technology
Salary negotiation tips for new grads,career
wait for it #reels #fyp,short_form_video
Prank on my roommate gone hilarious,entertainment
How I cracked Microsoft internship 💯,career
Best Free Fire settings for 5 fps,gaming
"Myntra sale: 8% off today only, shop now",advertising
Try not to laugh challenge #39 😂,entertainment
Amazon interview experience for SDE,career
Valorant speedrun world record attempt,gaming
How I cracked Google internhsip,career
Use promo code SAVE12 at Nkyaa 🔥,advertising
Match recap: RCB win thriller 😂,sports
Mock interview: ML engineer system design round 🔥,career
iPhone review after 30 days 😱,technology
Use promo code SAVE3 at Myntra,advertising
Prank on my roomamte gone hilarious 🔥,entertainment
Post-match press conference CSK | Use promo code SAVE30 at boAt,sports
How I cracked Google internship 🤯,career
Free Fire funny moments montage,gaming
How I plan my week for maximum focus | Funniest exam moments of 2024,productivity
a popular YouTuber new movie trailer reaction | Bengaluru budget session: what we know so far,entertainment
Top 10 goals of the La Liga season,sports
33 secrets they don't want you to know,clickbait
Class 32 probability derivation and examples 📚,education
control systems full course for beginners,education
Top 10 goals of the La Liga season,sports
Pixel review after 30 days 🤯,technology
"Limited offer on Pixel, order now",advertising
explained: why monsoon floods matters 👀,news
Government announces tax reform,news
wedding season outfits ootd 🤯,social
27 secrets they don't want you to know,clickbait
cricket hack you need #shorts #viral,short_form_video
Funniest cricket moments of 202 4📚,entertainment
Use promo code SAVE5 at boAt,advertising
Building a recommendation engine with Python 💯,technology
Top headlines today: monsoon floods 💯,news
memory management in TypeScript explained with code,technology
a popular YouTuber new movie trailer reaction,entertainment
Funniest office moments of 2025,entertainment
this trend is evreywhere #reels 🎉,short_form_video
Notion template for ML engineers,productivity
MI vs PBKS highlights | IPL 2025,sports
class 23 probability derivation and examples,education
Minecraft ranked gameplay 13 kills,gaming
Kolkata budget session: what we know so far,news
Deploying recommendation engine on Kubernetes,technology
resume tipsf or pm freshers 😂,career
best free fire settings for 20 fps,gaming
Birthday dump with friends,social
Sponsored: try Nykaa free for 18 days 💯 | Wedding season outfits ootd,advertising
Explained: why election results matters,news
#shorts cooking in 30 seconds,short_form_video
What happens next will blow your mind,clickbait
37 secrets they don't want you to know,clickbait
a popular youtuber reacts to gym,entertainment
cooking hack you need #shorts #viral 💯,short_form_video
pov: your mom finds your phone #shorts 💯,short_form_video
#shorts exam in 30 seconds,short_form_video
Breaking: monsoon floods live updates,news
wait for it #reels #fyp,short_form_video
"nykaa sale: 17% off today only, shop now",advertising
Use promo code SAVE13 at boAt 🔥,advertising
Building a chat app with Go | CSK vs SRH highlights | IPL 2025,technology
best comedy sketches compilation 🤯,entertainment
a pop star reacts to cooking,entertainment
Pixel review after 30 days 🤯,technology
Kohli century full innings,sports
Weekend vibes with the gang | Story time: my first day at college,social
Building a portfolio site with Go,technology
CSK vs DC highlights | IPL 2025,sports
Post-match press conference MI,sports
birthday dump with friends,social
BGMI speedrun world record attempt,gaming
Breaking: budget session live updates,news
Top headlines today: election results,news
Deploying recommendation engine on Kubernetes 👀,technology
Explained: why metro expansion matters,news
Birthday dump with friends 😂,social
Best comedy sketches compilation 👀,entertainment
Use promo code SAVE37 at boAt,advertising
pov: first day at college #shorts 😱,short_form_video
explained: why monsoon floods matters,news
How I cracked Google internship 📚,career
Sponsored: try Myntra free for 26 days,advertising
Let's play Valorant part 33 🤯 | a famous actor reacts to gym,gaming
#shorts exam in 30 seconds 🤯,short_form_video
Top headlines today: budget session,news
What happens next will blow your mind,clickbait
office hack you need #shorts #viral,short_form_video
Placement preparation roadmap 2026 🎉 | what happens next will blow your mind,career
wait for it #reels #fyp,short_form_video
Valorant ranked gameplay 14 kills,gaming
FreeF ire speedrun world record attempt,gaming
oneplus review after 30 days,technology
What happens next will blow your mind,clickbait
11 secrets they don't want you to know,clickbait
explained: why election results mattres,news
Best Free Fire settings for 31 fps,gaming
You won't believe what a popular YouTuber did next!!! 💯,clickbait
Gill century full innings,sports
Use promo code SAVE21 at Myntra,advertising
SHOCKING truth about office EXPOSED,clickbait
Deploying URL shortener on Kuberentes,technology
a famous actor new movie trailer reaction 🎉,entertainment
rust tutorial: decorators,technology
Minecraft speedrun world record attempt | class 7 control systems derivation and examples,gaming
Free Fire speedrun world record attempt,gaming
my 22-hour deep work routine 👀,productivity
#shorts exam in 30 seconds,short_form_video
Lecture 24: organic chemistry explained,education
probability in one shot | revision notes 🔥,education
Pomodoros tudy timer with lofi 😱,productivity
"Myntra sale: 2% off today only, shop now 🎉",advertising
Best BGMI settings for 36 fps 🎉,gaming
Wedding season outfits ootd,social
valoarnt ranked gameplay 38 kills,gaming
decorators in Go explained with code,technology
#shorts cooking in 30 seconds,short_form_video
Microsoft interview exeprience for ML engineer,career
Prank on my roommate gone hilarious,entertainment
"boAt sale: 14% off today only, shop now",advertising
Doctors hate this cat secret,clickbait
Weekend vibes with the gang | salary negotiation tips for new grads,social
Flipkart interview experience for ML engineer,career
Kohli century full innings,sports
Top headlines today: election reuslts 💯,news
Doctors hate this cat secret 🔥,clickbait
BGMI ranked gameplay 13 kills 🎉,gaming
What happens next will blow your mind,clickbait
this trend is everywhere #reels 🤯,short_form_video
What's new in Go 26.0,technology
Top headlines today: monsoon floods,news
Top headlines today: budget session 🎉,news
Pomodoro study timer with lofi,productivity
You won't believe whta a popular YouTuber did next!!! 😱,clickbait
minecraft ranked gameplay 18 kills,gaming
Birthday dump with friends 🎉,social
Gill century full inning s😂,sports
How I cracked Flipkart internship,career
mumbai election results: what we know so far,news
"Limited offer on Galaxy, order now",advertising
Valorant ranked gameplay 9 kills,gaming
Best Minecraft settings for 26 fps,gaming
NPTEL week 36: control systems,education
"boAt sale: 33% off today only, shop now",advertising
Lecture 39: operating systems explained,education
Post-match press conference RCB,sports
POV: exam tomorrow# shorts,short_form_video
Notion template for data analysts 😱,productivity
Free Fire funny moments montage,gaming
what happens next will blow your mind 🤯,clickbait
Wedding season outfits ootd,social
What happens next will blow your mind,clickbait
Birthday dump with friends,social
Breaking: budget session live updates,news
funniest office moments of 2024,entertainment
Mumbai election results: what we know so far,news
Use promo code SAVE5 at boAt | Use promo code SAVE27 at Myntra,advertising
MIT OpenCourseWare dynamic programming lecture 6 🤯,education
TypeScript tutorial: decorators,technology
resume tips for ml engineer freshers,career
"Limited offer on Galaxy, order now",advertising
What's new in Rust 19.0,technology
explained: why monsoon floods matetrs 🎉 | sponsored: try myntra free for 14 days,news
wait for it #reels #fyp,short_form_video
weekend vibes with the gang | Notion template for SDEs 📚,social
Mock interview: data analyst system design round,career
Notion template for PMs 😂,productivity
Let's play BGMI part 2,gaming
26 secrets they don't want you to know 😂,clickbait
pov: your mom finds your phone #shorts,short_form_video
Galaxy review after 30 days,technology
Free Fire ranked gameplay 16 kills 📚,gaming
Let's play Valorant part 12,gaming
Building a URL shortener with Go,technology
NPTEL week 20: thermodynamics 👀,education
Resume tips for data analyst freshers,career
wedding season outfits ootd 🤯,social
Sponsored: try Myntra free fro 13 days 🔥,advertising
pomodoro study timer with lofi 🔥,productivity
Minecraft speedrun world record attempt,gaming
Top 10 goals of the La Liga season 😱,sports
Weekend vibes with the gang,social
microeconomics full course for beginners,education
Pant century full innings,sports
How I plan my week for maximum focus,productivity
a popular YouTuber new movie trailer raection,entertainment
this trend is everywhere #reels,short_form_video
Valorant funny moments montage 🔥,gaming
Bengaluru metro expansion :what we know so far 😱,news
Throwback to Kolkata trip,social
How I cracked Flipkart internship 💯,career
use promo code save1 at boat,advertising
POV: eaxm tomorrow #shorts 💯,short_form_video
20 secrets they don't want you to know,clickbait
Habits that fixed my time management | SHOCKING truth about gym EXPOSED 📚,productivity
MIT OpenCourseWare dynamic programming lecture 21,education
Doctors hate this exam secret 📚,clickbait
Resume tips for SDE freshers,career
linear algebra in one shot | revision notes,education
18 secrets they don't want you to know,clickbait
Lecture 28: probability explained,education
match recap: kkr win thriller 🔥,sports
17 secrets they don't want you to know 🔥,clickbait
memory management in typescript explained with code 💯,technology
Doctors hate this cat secret,clickbait
Flipkart interview experience for SDE,career
Mock interview: SDE system design round | placement preparation roadmap 2026,career
pomodoro study timer with lofi,productivity
Galayx review after 30 days,technology
BGMI funny moments montage 💯,gaming
How I plan my week for maximum focus,productivity
Breaking: metro expansion live updates 🎉,news
NPTEL week 31: operating sysetms 😂,education
Post-match press conference MI | wait for it #reels #fyp 🤯,sports
Python tutorial: memory management,technology
What happens next will blow your mind,clickbait
Funniest cooking moments of 2026,entertainment
Let's play Minecraft part 34 💯,gaming
How I plan my week for maximum focus,productivity
How I plan my week for maximum focus,productivity
linear algebra full course for beginners,education
Pixel review after 30 days,technology
operating systems full course for beginners,education
Amazon interview experience for data analyst 🤯,career
How I cracekd Zomato internship,career
Gill century full innings,sports
this tredn is everywhere #reels 🤯,short_form_video
exam hack you need #shorts #viral,short_form_video
What happens next will blow your mind,clickbait
Amazon interview experience for SDE 📚,career
Government announces health reform 💯 | Notion template for PMs 🤯,news
how to solve thermodynamics problems step by step,education
Free Fire funny moments montage,gaming
Lecture 32: microeconomics explianed,education
Building a URL shortener with Go,technology
Story time: ym your mom finds your phone 👀 | Top headlines today: budget session 🔥,social
Flipkart interview experience for SDE,career
You won't believe what a popular YouTuber did next!!! | a popular YouTuber new movie trailer reaction,clickbait
You won't believe what a famous actor did next!!!,clickbait
Pomodoro study timer with lofi,productivity
Go tutorial: memory management,technology
Birthday dump with friends,social
Doctors hate this exam secret,clickbait
Wedding season outfits ootd 💯,social
Mock interview: data analyst system design round,career
NPTEL week 1: operating systems,education
microsoft interview experience for sde 👀 | Habits that fixed my time management 🔥,career
Post-match press conference KKR,sports
gym hack you need #shorts #viral 😂,short_form_video
Salary negotiation tips for new grads,career
breaking: metro expansion live updates,news
Doctors hate this cooking secret 🔥,clickbait
Class 31 thermodynamics derivation and examples,education
Salary negotiation tips for new grads 📚,career
Use promo code SAVE1 at Myntra | Top headlines today: metro expansion,advertising
How I cracked Flipkart internship 💯,career
Throwback to Kolkata trip | Use promo code SAVE36 ta Nykaa 🤯,social
Wedding season outfits ootd,social
NPTEL week 22: graph theory,education
"Throwback to Kolkata trip | Limited offer on Galaxy, order now",social
Habits that fixed my time management 🔥,productivity
Notion template for SDEs,productivity
Pomodoro study timer with lofi 🎉,productivity
Valoratn ranked gameplay 5 kills 😱,gaming
Pomodoro study timer with lofi,productivity
#shorts cat in 30 seconds 🎉,short_form_video
dynamic programming full course for beginners,education
a popular youtuber reacts to office | Try not to laugh challenge #12,entertainment
Lecture 4: control systems explained,education
MIT OpenCourseWare graph theory lecture 25,education
Top headlines today: monsoon floods,news
Bengaluru monsoon floods: what we know so far 🎉,news
POV: first day at college #shorts,short_form_video
15 secrets they don't want you to know 😂,clickbait
Best comedy sketches compilation | Prank on my roommate gone hilarious,entertainment
Story time: my exam tomorrow,social
Funniest gym moments of 2025,entertainment
"Limited offer on iPhone, order now 💯 | Mock interview: data analyst system design round 😱",advertising
Mock interview: SDE system design round,career
Top headlines today: budget session,news
Class 35 operating systems derivation and examples 💯,education
Breaking: metro expansion live updates,news
resume tips for data analyst freshers 🎉,career
What happens next will blow your mind,clickbait
"Nykaa sale: 1% off today only, shop now",advertising
Valorant ranked gameplay 13 kills,gaming
building a chat app with go | Top 10 goals of the La Liga season,technology
My 9-hour deep work routine 😂,productivity
"Limited offer on iPhone, order now",advertising
BGMI funny moments montage,gaming
Mock interview: SDE system design round,career
Minecraft ranked gameplay 28 kills,gaming
Notion template for ML engineers,productivity
Story time: my your mom finds your phone,social
Building a chat app with Python 🎉,technology
Government announces education reform,news
gym hack you need #shorts #viral,short_form_video
Pant century full innings,sports
Waht happens next will blow your mind 😱,clickbait
wait for it #reels #fyp 💯 | Birthday dump with friends 🤯,short_form_video
My 23-hour deep work routine,productivity
Government announces tax reform,news
match recap: rcb win thriller,sports
SHOCKING truth about gym EXPOSED 😱,clickbait
Placement preparation roadmap 2024,career
RCB vs PBKS highlights | IPL 2025 💯,sports
How to solve organic chemistry problems step by step,education
Top 10 goals of the ISL season 💯,sports
Placement preparation roadmap 2025,career
#shorts exam in 30 seconds,short_form_video
Prank on my roommate gone hilairous,entertainment
wait ofr it #reels #fyp,short_form_video
office hack you need #shorts #viral,short_form_video
wait for it #reels #fyp | resume tips for pm freshers,short_form_video
wait for it #reels #fyp,short_form_video
Pixel review after 30 days 😂,technology
Explained: why metro expansion matetrs,news
decorators in Python explained with code 🎉,technology
async await in java explained with code,technology
How I plan my week for maximum focus 🔥,productivity
a popular YouTuber reacts to exam,entertainment
Match recap: KKR win thriller,sports
NPTEL week 25: thermodynamics | Mock interview: PM system design round 📚,education
a famous actor new movie trailer reaction,entertainment
Pomodoro stuyd timer with lofi,productivity
Building a recommendation engine with Python,technology
top 10 goals of the la liga season,sports
a pop star reacts to cooking 👀,entertainment
Pomodoro study timer with lofi,productivity
Breaking: election results live updates 💯,news
Placement preparation roadmap 2026 🤯,career
Minecraft funny moments montage,gaming
fluid mechanics in one shot | revision notes,education
doctors hate this cat secret,clickbait
"Sponsored: try Nykaa free for 38 days 🎉 | Limited offer on OnePlus, order now 👀",advertising
this trend is everyhwere #reels | Mock interview: PM system design round,short_form_video
My 17-hour deep work routine,productivity
this trend is everywhere #reels,short_form_video
Let's play Free Fire part 28,gaming
Salary negotiation tips for new grads,career
BGMI funny moments montage 💯,gaming
Lecture 11: graph theory explained 👀,education
top headlines today: election results 💯,news
Building a chat app with TypeScript,technology
TypeScript tutorial: closures,technology
Match recap: KKR win thriller 😱,sports
SHOCKING truth about cricket EXPOSED 😂 | NPTEL week 22: microeconomics 😱,clickbait
#shorts cooking in 30 seocnds 💯,short_form_video
Salary negotiation tips for new grads 🔥,career
Notion template for ML engineesr 😂,productivity
memroy management in Rust explained with code,technology
Post-match press conference MI,sports
Kohli century full innings,sports
Government announces education reform,news
mit opencourseware graph theory lecture 10 👀,education
Placement preparation roadmap 2025 📚,career
"boat sale: 35% off today only, shop now | BGMI funny moments montage",advertising
POV: first day at college #shorts,short_form_video
25 secrets they don't want you to know,clickbait
async await in TypeScript explained with code,technology
gill century full innings 😱,sports
Placement preparation roadmap 2024,career
34 secrets they don't awnt you to know,clickbait
Deploying URL shortener on Kubernetes 😂,technology
Gill century full innings 🔥,sports
thermodynamics full course for beginners,education
a pop star new movie trailer reaction,entertainment
Prank on my roommate gone hilarious,entertainment
a famous actor new movie trailer reaction 🔥,entertainment
How I plan my week for maximum focus 🎉,productivity
POV: your mom finds your phone #shorts,short_form_video
18 secrets they don't want you to know 🎉,clickbait
a popular YouTuber reacts to cat | BGMI ranked gameplay 3 kills,entertainment
Try not to laugh challenge #30,entertainment
Use promo code SAVE18 at Nykaa 🤯,advertising
NPTEL week 12: microeconomics 👀,education
microeconomics full course for beginners 💯,education
Funniest office moments of 2026,entertainment
CSK vs GT highlights | IPL 2025,sports
Resume tips for PM freshers,career
a popular YouTuber new movie trailer reaciton,entertainment
Use promo code SAVE25 at boAt,advertising
Placement preparation roamdap 2026,career
a popular youtuber new movie trailer reaction 😱 | POV: your mom finds your phone #shorts,entertainment
Explained: why budget session matters,news
What happens next will blow your mind,clickbait
My 38-hour deep work routine,productivity
Valorant funny moments montage,gaming
How I cracked Microsoft internship,career
Pixel review after 30 days,technology
Delhi metro expansion: what we know so far,news
sponsored: try boat free for 12 days 💯,advertising
closures in Rust explained with code | fluid mechanics in one shot | revision notes,technology
class 31 control systems derivation and examples,education
Government announces education reform,news
Top headlines today: election results,news
Galaxy review after 30 days,technology
#shorts exam in 30 seconds,short_form_video
#shorts gym in 30 seconds,short_form_video
you wo'nt believe what a famous actor did next!!!,clickbait
Story time: my your mom finds your phone,social
Valorant ranked gameplay 14 kills,gaming
12 secrets they don't want you to know 🔥,clickbait
Story time: my exam tomorrow,social
Breaking: metro expansion liev updates | Government announces tax erform,news
What happens next will blow your mind 🔥,clickbait
Use promo code SAVE35 at boAt 📚,advertising
Free Fire speedrun world record attempt 😂,gaming
Best comedy sketches compilation,entertainment
NPTEL week 30: fluid mechanics,education
Salary negotiation tips for new grads,career
Wedding season outfits ootd,social
office hack you need #shorts #viral 💯 | Throwback to Mumbai trip,short_form_video
Building a recommendation engine with TypeScript 🤯,technology
"Limited offer on Pixel, order now",advertising
Free Fire funny moments montage,gaming
Go tutorial: closures,technology
a popular youtuber reacts to office 😱,entertainment
28 secrets they don't want you to know,clickbait
cricket hack you need #shorts #viral,short_form_video
iphone review after 30 days,technology
Top 10 goals of the Premier League season,sports
this trend is everywhere #reels 🤯,short_form_video
Placement preparation roadmap 2024,career
#shorts cooking in 30 seconds 🔥,short_form_video
microeconomics in one shot | revision notes,education
Pos-tmatch press conference MI,sports
"limited offer on galaxy, order now",advertising
notion template for ml engineers 💯,productivity
SHOCKING truth about cricket EXPOSED 🤯 | Try not to laugh challenge #18,clickbait
Rust tutorial: generics,technology
Let's play Minecraft part 5 | #shorts cat in 30 seconds 👀,gaming
Free Fire ranked gameplay 29 kills,gaming
34 secrets they don't want you to know,clickbait
doctors hate this exam secret,clickbait
Story time: my first day at college,social
Minecraft speedrun world record attempt,gaming
#shorts gym in 30 seconds 👀,short_form_video
NPTEL week 36: operating systems | Post-match press conference RCB,education
What happens next will blow your mind,clickbait
Wedding season outfits ootd,social
Birthday dump with friedns | Best comedy sketches compilation 🤯,social
#shorts office in 30 seconds 🔥,short_form_video
Weekend vibes with the gang,social
habits that fixed my time management 😱,productivity
Prank on my roommate gone hilarious,entertainment
What happens next will blow your mind,clickbait
Best comedy sketches compilation,entertainment
Story time: my first day at college,social
what happens next will blow your mind,clickbait
birthday dumpw ith friends,social
funniest cat moments of 2024 🎉,entertainment
"#shorts gym in 03 seconds | Limited offer on OnePlus, order now 🤯",short_form_video
BGMI funny moments montage,gaming
Explained: why monsoon floods matters 💯,news
Let's play BGMI part 32,gaming
Notion templtae for SDEs 🎉,productivity
funniest gym moments of 2024,entertainment
birthday dump with friends,social
this trend is everywhere #reels,short_form_video
Doctors hate this cat secret,clickbait
Java tutorial: async await,technology
Top headlines today: monsoon floods,news
Habits that fixed my time management | Weekend vibes with the gang,productivity
Explanied: why election results matters,news
this trend is everywhere #reels 👀 | story time: my your mom finds your phone 🤯,short_form_video
valorant funny moments montage 🎉,gaming
Infosys interview experience for data analyst,career
Brekaing: metro expansion live updates 😂,news
Infosys interview experience for PM,career
a pop star reacts to cricket,entertainment
How I cracked Amazon internship 💯,career
wait for it #reels #fyp,short_form_video
"Limited offer on Pixel, order now",advertising
How I plan my week for maximum focus,productivity
match recap: csk win thriller,sports
Best BGMI settings for 17 fps 💯,gaming
Galaxy review after 30 days 🎉,technology
Story time: my first day at college 😱,social
Sponsored: try boAt free for 20 days 💯 | How to solve fluid mechanics problems step b ystep,advertising
Doctors hate this exam secret,clickbait
How I plan my week for maximum focus,productivity
Prank on my roommate gone hilarious,entertainment
How I plan my week for maximum focus 🤯,productivity
Doctors hate this cricket secret 👀,clickbait
Notiont emplate for SDEs,productivity
Breaking: metro expansion live updates,news
RCB vs PBKS highlights | IPL 2024,sports
habits that fixed my time management,productivity
Top headlines today: election results,news
Rust tutorial: generics,technology
Wedding season outfits ootd 👀,social
How I plan my week for maximum focus 😱,productivity
Let's play Valorant part 39,gaming
Top 10 goals of the ISL season 🤯,sports
funniest gym moments of 2024 | Post-match press conference CSK,entertainment
Pomodoro study timer with lofi,productivity
Resume tips for SDE freshers 😂,career
37 secrets they don't want you to konw,clickbait
Doctors hate this gym secret,clickbait
class 15 organic chemistry derivation and examples,education
Use promo code SAVE13 at Myntra 😱,advertising
MIT OpenCourseWare operating systems lecture 14,education
mit opencourseware probability lecture 2,education
Sponsored: try Nykaa free for 24 days,advertising
Use promo code SAVE12 at Nykaa 😱,advertising
Top headlines today: budget session,news
how i plan my week for maximum focus,productivity
Minecraft speedrun world record attempt,gaming
Try not to laugh challenge #27,entertainment
Free Fire speedrun world record attempt,gaming
Story time: my exam tomorrow,social
a pop star reacts to gym,entertainment
You won't believe what a famous actor did next!!!,clickbait
kolkata budget session: what we know so far,news
"Limited offer on iPhone, order now",advertising
Habits that fixed my time management,productivity
Valorant speedrun world record attempt,gaming
Habits that fixed my time management,productivity
Use promo code SAVE13 at boAt,advertising
SHOCKING truth about office EXPOSED,clickbait
linear algebra full course for beginners 🎉,education
wait for it #reels #fyp,short_form_video
cricket hack you need #shorts #viral | Habits that fixed my time management,short_form_video
how to solve probability problems step by step 🔥,education
Building a URL shortener with Rus t🔥,technology
POV: yourm om finds your phone #shorts,short_form_video
Habits that fixed my time management,productivity
Mock interview:M L engineer system design round | Top headlines today: election results,career
Delhi budget session: what we know so far,news
wait for it #reels #fyp | KKR vs SRH highlights | IPL 2024,short_form_video
Resume tips for SDE freshers,career
exam hack you need #shorts #viral 🤯,short_form_video
dynamic programming full course for beginners,education
Go tutorial: decorators,technology
Explained: why monsoon floods matters,news
Minecraft ranked gameplay 13 kills,gaming
Funniest cricket moments of 2025,entertainment
top 10 goals of the la liga season,sports
You won't believe what a pop star did next!!!,clickbait
Story time: my your mom finds your phone,social
weekend vibes with the gang 💯 | Class 3 microeconomics derivation and examples,social
story time: my first day at college | How to solve dynamic programming problems step by step,social
pomodoro study timer with lofi 🤯 | Let's play Free Fire part 14,productivity
Free Fire speedrun world record attempt,gaming
a famous actor new movie trailer reaction | Doctors hate this cooking secret,entertainment
Prank on my roommate gone hilarious 🎉,entertainment
this trend is everywhere #reels 📚,short_form_video
bgmi speedrun world record attempt,gaming
free fire ranked gameplay 9 kills 📚,gaming
Use promo code SAVE5 at Myntra,advertising
POV: first day at college #shorts,short_form_video
Top headlines today: monsoon floods,news
top headlines today: metro expansion 📚 | NPTEL week 35: linear algebra,news
Top 10 goals of the ISL season 👀 | cat hack you need #shorts #viral 🤯,sports
Building a URL shortener with Python,technology
Valorant speedrun world record attempt 🔥,gaming
Best Free Fire settings for 36 fps,gaming
Birthday dump with friends 👀,social
Pomodoro study timer with lofi 🔥,productivity
this trend is everywhere #reels,short_form_video
Throwback to Kolkata trip 😂,social
Minecraft ranked gameplay 4 kills 😂,gaming
NPTEL week 17: microeconomics 😂,education
Birthday dump with friends,social
Weekend vibes with the gang 🔥 | Notion tmeplate for data analysts,social
Top headlines today: monsoon floods,news
What happens next will blow your mind 💯,clickbait
Placement preparation roadmap 2026 | this trend is everywhere #reels,career
SHOCKING truth about exam EXPOSED,clickbait
Doctors hate this cooking secret,clickbait
Pant century full innings 🔥,sports
What happens next will blow your mind,clickbait
