group,persona,seed,day,session,minute_of_day,session_minutes,in_focus,content,goal_relevant,action,propensity,outcome,reward
night_owl_student:0,night_owl_student,0,0,7,4,15.0,False,social,False,REQUEST_CONFIRMATION,0.024,ignored,-0.2
night_owl_student:0,night_owl_student,0,0,8,32,15.0,False,social,False,REQUEST_CONFIRMATION,0.024,accepted,1.0
night_owl_student:0,night_owl_student,0,1,2,853,15.0,False,career,True,SOFT_WARNING,0.024,ignored,-0.2
night_owl_student:0,night_owl_student,0,2,0,444,15.0,False,entertainment,False,SOFT_WARNING,0.024,ignored,-0.2
night_owl_student:0,night_owl_student,0,2,3,715,15.0,False,entertainment,False,DELAY,0.024,accepted,1.0
night_owl_student:0,night_owl_student,0,2,9,1236,25.0,True,short_form_video,False,DELAY,0.024,accepted,1.0
night_owl_student:0,night_owl_student,0,2,13,120,15.0,False,entertainment,False,REQUEST_CONFIRMATION,0.024,ignored,-0.2
night_owl_student:0,night_owl_student,0,4,3,1029,15.0,False,entertainment,False,REQUEST_CONFIRMATION,0.024,ignored,-0.2
night_owl_student:0,night_owl_student,0,4,7,29,15.0,False,social,False,MINDFUL_PROMPT,0.024,accepted,1.0
night_owl_student:0,night_owl_student,0,5,5,979,25.0,False,entertainment,False,REQUEST_CONFIRMATION,0.024,accepted,1.0
night_owl_student:0,night_owl_student,0,5,8,1198,15.0,False,gaming,False,DELAY,0.024,overridden,-1.0
night_owl_student:0,night_owl_student,0,5,13,1377,45.0,False,short_form_video,False,SOFT_WARNING,0.024,ignored,-0.2
night_owl_student:0,night_owl_student,0,6,2,759,20.0,False,career,True,SOFT_WARNING,0.024,ignored,-0.2
night_owl_student:0,night_owl_student,0,6,7,1187,25.0,False,short_form_video,False,MINDFUL_PROMPT,0.024,ignored,-0.2
night_owl_student:0,night_owl_student,0,6,11,2,25.0,False,short_form_video,False,LIMITED_ACCESS,0.024,overridden,-1.0
night_owl_student:0,night_owl_student,0,6,13,26,15.0,False,entertainment,False,REQUEST_CONFIRMATION,0.024,ignored,-0.2
night_owl_student:0,night_owl_student,0,8,6,1048,15.0,False,social,False,LIMITED_ACCESS,0.024,overridden,-1.0
night_owl_student:0,night_owl_student,0,8,7,1155,40.0,False,entertainment,False,SOFT_WARNING,0.024,ignored,-0.2
night_owl_student:0,night_owl_student,0,8,12,1407,20.0,False,short_form_video,False,MINDFUL_PROMPT,0.024,ignored,-0.2
night_owl_student:0,night_owl_student,0,9,4,1258,30.0,True,gaming,False,SOFT_WARNING,0.024,accepted,1.0
night_owl_student:0,night_owl_student,0,10,0,577,45.0,False,education,True,MINDFUL_PROMPT,0.024,ignored,-0.2
night_owl_student:0,night_owl_student,0,11,6,1268,20.0,True,entertainment,False,DELAY,0.024,accepted,1.0
night_owl_student:0,night_owl_student,0,12,3,850,30.0,False,short_form_video,False,SOFT_WARNING,0.024,ignored,-0.2
night_owl_student:0,night_owl_student,0,12,11,59,25.0,False,entertainment,False,REQUEST_CONFIRMATION,0.024,accepted,1.0
night_owl_student:0,night_owl_student,0,13,5,969,30.0,False,career,True,REQUEST_CONFIRMATION,0.024,ignored,-0.2
night_owl_student:0,night_owl_student,0,13,12,1410,15.0,False,short_form_video,False,SOFT_WARNING,0.024,ignored,-0.2
night_owl_student:0,night_owl_student,0,13,14,96,20.0,False,education,True,MINDFUL_PROMPT,0.024,ignored,-0.2
night_owl_student:0,night_owl_student,0,16,7,1427,35.0,False,education,True,LIMITED_ACCESS,0.024,overridden,-1.0
night_owl_student:0,night_owl_student,0,17,7,1371,20.0,False,career,True,DELAY,0.024,overridden,-1.0
night_owl_student:0,night_owl_student,0,17,4,1380,15.0,False,short_form_video,False,DELAY,0.024,accepted,1.0
night_owl_student:0,night_owl_student,0,17,9,1405,25.0,False,short_form_video,False,SOFT_WARNING,0.024,ignored,-0.2
night_owl_student:0,night_owl_student,0,17,8,1431,40.0,False,social,False,REQUEST_CONFIRMATION,0.024,ignored,-0.2
night_owl_student:0,night_owl_student,0,17,10,84,55.0,False,career,True,MINDFUL_PROMPT,0.024,ignored,-0.2
night_owl_student:0,night_owl_student,0,18,5,871,35.0,False,entertainment,False,SOFT_WARNING,0.024,ignored,-0.2
night_owl_student:0,night_owl_student,0,19,8,13,30.0,False,short_form_video,False,LIMITED_ACCESS,0.024,overridden,-1.0
night_owl_student:0,night_owl_student,0,20,3,1170,30.0,False,education,True,LIMITED_ACCESS,0.024,overridden,-1.0
night_owl_student:0,night_owl_student,0,20,4,1274,40.0,False,entertainment,False,LIMITED_ACCESS,0.024,accepted,1.0
night_owl_student:1,night_owl_student,1,0,1,616,20.0,True,gaming,False,LIMITED_ACCESS,0.024,overridden,-1.0
night_owl_student:1,night_owl_student,1,0,5,959,30.0,True,entertainment,False,MINDFUL_PROMPT,0.024,accepted,1.0
night_owl_student:1,night_owl_student,1,0,11,81,15.0,False,entertainment,False,DELAY,0.024,accepted,1.0
night_owl_student:1,night_owl_student,1,1,5,1369,20.0,False,social,False,DELAY,0.024,accepted,1.0
night_owl_student:1,night_owl_student,1,2,4,1224,85.0,True,education,True,MINDFUL_PROMPT,0.024,ignored,-0.2
night_owl_student:1,night_owl_student,1,2,6,1426,15.0,False,education,True,MINDFUL_PROMPT,0.024,ignored,-0.2
night_owl_student:1,night_owl_student,1,3,3,953,15.0,False,short_form_video,False,MINDFUL_PROMPT,0.024,ignored,-0.2
night_owl_student:1,night_owl_student,1,4,10,23,25.0,False,clickbait,False,REQUEST_CONFIRMATION,0.024,ignored,-0.2
night_owl_student:1,night_owl_student,1,4,11,91,15.0,False,short_form_video,False,REQUEST_CONFIRMATION,0.024,ignored,-0.2
night_owl_student:1,night_owl_student,1,6,13,1418,35.0,False,entertainment,False,MINDFUL_PROMPT,0.024,ignored,-0.2
night_owl_student:1,night_owl_student,1,6,14,1423,15.0,False,entertainment,False,SOFT_WARNING,0.024,ignored,-0.2
night_owl_student:1,night_owl_student,1,7,4,1167,25.0,False,short_form_video,False,REQUEST_CONFIRMATION,0.024,ignored,-0.2
night_owl_student:1,night_owl_student,1,7,5,1253,20.0,True,gaming,False,REQUEST_CONFIRMATION,0.024,ignored,-0.2
night_owl_student:1,night_owl_student,1,8,7,1363,15.0,False,career,True,MINDFUL_PROMPT,0.024,ignored,-0.2
night_owl_student:1,night_owl_student,1,8,9,1407,15.0,False,entertainment,False,SOFT_WARNING,0.024,ignored,-0.2
night_owl_student:1,night_owl_student,1,8,12,35,25.0,False,short_form_video,False,DELAY,0.024,overridden,-1.0
night_owl_student:1,night_owl_student,1,9,6,1367,25.0,False,entertainment,False,REQUEST_CONFIRMATION,0.024,ignored,-0.2
night_owl_student:1,night_owl_student,1,10,9,1357,25.0,False,career,True,LIMITED_ACCESS,0.024,overridden,-1.0
night_owl_student:1,night_owl_student,1,12,1,509,15.0,False,short_form_video,False,LIMITED_ACCESS,0.024,overridden,-1.0
night_owl_student:1,night_owl_student,1,12,6,961,15.0,False,short_form_video,False,MINDFUL_PROMPT,0.024,accepted,1.0
night_owl_student:1,night_owl_student,1,13,8,1373,20.0,False,entertainment,False,REQUEST_CONFIRMATION,0.024,ignored,-0.2
night_owl_student:1,night_owl_student,1,14,0,478,20.0,False,short_form_video,False,REQUEST_CONFIRMATION,0.024,ignored,-0.2
night_owl_student:1,night_owl_student,1,14,7,1335,15.0,False,entertainment,False,DELAY,0.024,accepted,1.0
night_owl_student:1,night_owl_student,1,15,9,1408,25.0,False,short_form_video,False,DELAY,0.024,accepted,1.0
night_owl_student:1,night_owl_student,1,15,12,45,15.0,False,short_form_video,False,SOFT_WARNING,0.024,ignored,-0.2
night_owl_student:1,night_owl_student,1,15,13,70,15.0,False,entertainment,False,REQUEST_CONFIRMATION,0.024,ignored,-0.2
night_owl_student:1,night_owl_student,1,16,0,781,15.0,False,career,True,DELAY,0.024,overridden,-1.0
night_owl_student:1,night_owl_student,1,16,1,1076,30.0,False,short_form_video,False,REQUEST_CONFIRMATION,0.024,accepted,1.0
night_owl_student:1,night_owl_student,1,17,1,620,15.0,True,entertainment,False,SOFT_WARNING,0.024,ignored,-0.2
night_owl_student:1,night_owl_student,1,18,5,1129,15.0,False,short_form_video,False,REQUEST_CONFIRMATION,0.024,accepted,1.0
night_owl_student:1,night_owl_student,1,18,9,1424,35.0,False,education,True,LIMITED_ACCESS,0.024,overridden,-1.0
night_owl_student:1,night_owl_student,1,19,3,904,15.0,False,short_form_video,False,SOFT_WARNING,0.024,accepted,1.0
night_owl_student:1,night_owl_student,1,20,0,649,15.0,False,short_form_video,False,DELAY,0.024,overridden,-1.0
night_owl_student:2,night_owl_student,2,0,2,884,15.0,False,entertainment,False,SOFT_WARNING,0.024,ignored,-0.2
night_owl_student:2,night_owl_student,2,1,8,1413,15.0,False,short_form_video,False,REQUEST_CONFIRMATION,0.024,ignored,-0.2
night_owl_student:2,night_owl_student,2,1,11,79,15.0,False,education,True,LIMITED_ACCESS,0.024,overridden,-1.0
night_owl_student:2,night_owl_student,2,2,11,1429,20.0,False,career,True,DELAY,0.024,overridden,-1.0
night_owl_student:2,night_owl_student,2,2,10,3,15.0,False,education,True,DELAY,0.024,overridden,-1.0
night_owl_student:2,night_owl_student,2,2,9,41,50.0,False,entertainment,False,DELAY,0.024,accepted,1.0
night_owl_student:2,night_owl_student,2,3,2,881,30.0,False,education,True,LIMITED_ACCESS,0.024,overridden,-1.0
night_owl_student:2,night_owl_student,2,3,5,31,35.0,False,education,True,MINDFUL_PROMPT,0.024,ignored,-0.2
night_owl_student:2,night_owl_student,2,4,2,1159,15.0,False,short_form_video,False,REQUEST_CONFIRMATION,0.024,accepted,1.0
night_owl_student:2,night_owl_student,2,4,5,1388,20.0,False,entertainment,False,DELAY,0.024,accepted,1.0
night_owl_student:2,night_owl_student,2,4,10,123,20.0,False,short_form_video,False,LIMITED_ACCESS,0.024,overridden,-1.0
night_owl_student:2,night_owl_student,2,5,3,1014,15.0,False,social,False,LIMITED_ACCESS,0.024,overridden,-1.0
night_owl_student:2,night_owl_student,2,5,4,1070,15.0,False,entertainment,False,LIMITED_ACCESS,0.024,overridden,-1.0
night_owl_student:2,night_owl_student,2,6,6,39,20.0,False,short_form_video,False,LIMITED_ACCESS,0.024,overridden,-1.0
night_owl_student:2,night_owl_student,2,7,9,103,15.0,False,short_form_video,False,REQUEST_CONFIRMATION,0.024,ignored,-0.2
night_owl_student:2,night_owl_student,2,8,10,1279,20.0,False,social,False,SOFT_WARNING,0.024,accepted,1.0
night_owl_student:2,night_owl_student,2,9,7,1038,20.0,False,entertainment,False,REQUEST_CONFIRMATION,0.024,ignored,-0.2
night_owl_student:2,night_owl_student,2,9,14,20,15.0,False,gaming,False,DELAY,0.024,overridden,-1.0
night_owl_student:2,night_owl_student,2,10,1,769,20.0,False,short_form_video,False,REQUEST_CONFIRMATION,0.024,ignored,-0.2
night_owl_student:2,night_owl_student,2,10,3,989,45.0,False,education,True,MINDFUL_PROMPT,0.024,ignored,-0.2
night_owl_student:2,night_owl_student,2,10,14,57,30.0,False,short_form_video,False,LIMITED_ACCESS,0.024,overridden,-1.0
night_owl_student:2,night_owl_student,2,10,11,69,15.0,False,clickbait,False,DELAY,0.024,accepted,1.0
night_owl_student:2,night_owl_student,2,12,9,1350,30.0,False,entertainment,False,LIMITED_ACCESS,0.024,accepted,1.0
night_owl_student:2,night_owl_student,2,13,7,1396,45.0,False,education,True,SOFT_WARNING,0.024,ignored,-0.2
night_owl_student:2,night_owl_student,2,13,10,1393,15.0,False,clickbait,False,SOFT_WARNING,0.024,ignored,-0.2
night_owl_student:2,night_owl_student,2,14,6,1268,15.0,False,short_form_video,False,DELAY,0.024,accepted,1.0
night_owl_student:2,night_owl_student,2,14,13,1428,30.0,False,education,True,LIMITED_ACCESS,0.024,overridden,-1.0
night_owl_student:2,night_owl_student,2,14,12,1425,20.0,False,short_form_video,False,DELAY,0.024,accepted,1.0
night_owl_student:2,night_owl_student,2,15,4,904,15.0,False,short_form_video,False,SOFT_WARNING,0.024,ignored,-0.2
night_owl_student:2,night_owl_student,2,15,5,933,20.0,True,entertainment,False,DELAY,0.024,accepted,1.0
night_owl_student:2,night_owl_student,2,15,7,1225,15.0,False,short_form_video,False,MINDFUL_PROMPT,0.024,ignored,-0.2
night_owl_student:2,night_owl_student,2,15,8,1286,15.0,False,education,True,LIMITED_ACCESS,0.024,overridden,-1.0
night_owl_student:2,night_owl_student,2,15,12,10,15.0,False,education,True,MINDFUL_PROMPT,0.024,ignored,-0.2
night_owl_student:2,night_owl_student,2,16,5,1366,25.0,False,entertainment,False,SOFT_WARNING,0.024,ignored,-0.2
night_owl_student:2,night_owl_student,2,16,6,1390,20.0,False,social,False,REQUEST_CONFIRMATION,0.024,ignored,-0.2
night_owl_student:2,night_owl_student,2,18,5,1411,20.0,False,social,False,SOFT_WARNING,0.024,ignored,-0.2
night_owl_student:2,night_owl_student,2,18,7,46,25.0,False,entertainment,False,REQUEST_CONFIRMATION,0.024,accepted,1.0
night_owl_student:2,night_owl_student,2,19,3,1262,15.0,False,short_form_video,False,SOFT_WARNING,0.024,ignored,-0.2
night_owl_student:2,night_owl_student,2,19,13,46,25.0,False,career,True,REQUEST_CONFIRMATION,0.024,ignored,-0.2
night_owl_student:2,night_owl_student,2,20,0,736,35.0,False,education,True,DELAY,0.024,overridden,-1.0
night_owl_student:2,night_owl_student,2,20,6,1429,15.0,False,short_form_video,False,MINDFUL_PROMPT,0.024,ignored,-0.2
night_owl_student:3,night_owl_student,3,0,0,535,25.0,False,short_form_video,False,REQUEST_CONFIRMATION,0.024,ignored,-0.2
night_owl_student:3,night_owl_student,3,0,1,799,15.0,False,short_form_video,False,MINDFUL_PROMPT,0.024,ignored,-0.2
night_owl_student:3,night_owl_student,3,1,3,41,15.0,False,entertainment,False,SOFT_WARNING,0.024,ignored,-0.2
night_owl_student:3,night_owl_student,3,2,5,1355,15.0,False,career,True,SOFT_WARNING,0.024,ignored,-0.2
night_owl_student:3,night_owl_student,3,3,0,638,15.0,False,education,True,DELAY,0.024,accepted,1.0
night_owl_student:3,night_owl_student,3,3,2,794,20.0,False,short_form_video,False,LIMITED_ACCESS,0.024,overridden,-1.0
night_owl_student:3,night_owl_student,3,3,11,34,15.0,False,short_form_video,False,LIMITED_ACCESS,0.024,overridden,-1.0
night_owl_student:3,night_owl_student,3,4,0,495,15.0,False,education,True,SOFT_WARNING,0.024,ignored,-0.2
night_owl_student:3,night_owl_student,3,4,3,629,20.0,True,short_form_video,False,LIMITED_ACCESS,0.024,accepted,1.0
night_owl_student:3,night_owl_student,3,4,2,658,15.0,True,entertainment,False,LIMITED_ACCESS,0.024,accepted,1.0
night_owl_student:3,night_owl_student,3,4,7,1384,15.0,False,entertainment,False,SOFT_WARNING,0.024,ignored,-0.2
night_owl_student:3,night_owl_student,3,5,3,1095,30.0,False,clickbait,False,REQUEST_CONFIRMATION,0.024,ignored,-0.2
night_owl_student:3,night_owl_student,3,5,6,1348,25.0,False,short_form_video,False,DELAY,0.024,accepted,1.0
night_owl_student:3,night_owl_student,3,5,7,1350,15.0,False,entertainment,False,DELAY,0.024,accepted,1.0
night_owl_student:3,night_owl_student,3,5,5,1391,35.0,False,entertainment,False,DELAY,0.024,accepted,1.0
night_owl_student:3,night_owl_student,3,6,0,446,25.0,False,entertainment,False,DELAY,0.024,accepted,1.0
night_owl_student:3,night_owl_student,3,6,1,632,15.0,False,gaming,False,DELAY,0.024,accepted,1.0
night_owl_student:3,night_owl_student,3,6,5,737,15.0,False,entertainment,False,DELAY,0.024,overridden,-1.0
night_owl_student:3,night_owl_student,3,6,4,804,30.0,False,gaming,False,DELAY,0.024,accepted,1.0
night_owl_student:3,night_owl_student,3,6,10,1273,20.0,False,short_form_video,False,REQUEST_CONFIRMATION,0.024,accepted,1.0
night_owl_student:3,night_owl_student,3,7,1,591,35.0,False,entertainment,False,MINDFUL_PROMPT,0.024,ignored,-0.2
night_owl_student:3,night_owl_student,3,7,2,888,15.0,False,social,False,MINDFUL_PROMPT,0.024,accepted,1.0
night_owl_student:3,night_owl_student,3,8,5,837,20.0,False,short_form_video,False,REQUEST_CONFIRMATION,0.024,ignored,-0.2
night_owl_student:3,night_owl_student,3,9,0,665,35.0,False,short_form_video,False,DELAY,0.024,accepted,1.0
night_owl_student:3,night_owl_student,3,10,7,1395,15.0,False,social,False,MINDFUL_PROMPT,0.024,accepted,1.0
night_owl_student:3,night_owl_student,3,10,8,58,25.0,False,short_form_video,False,REQUEST_CONFIRMATION,0.024,ignored,-0.2
night_owl_student:3,night_owl_student,3,11,9,1420,20.0,False,education,True,LIMITED_ACCESS,0.024,overridden,-1.0
night_owl_student:3,night_owl_student,3,11,11,97,15.0,False,short_form_video,False,DELAY,0.024,overridden,-1.0
night_owl_student:3,night_owl_student,3,12,4,793,35.0,False,short_form_video,False,DELAY,0.024,accepted,1.0
night_owl_student:3,night_owl_student,3,12,7,1053,15.0,False,short_form_video,False,MINDFUL_PROMPT,0.024,accepted,1.0
night_owl_student:3,night_owl_student,3,13,0,484,25.0,False,education,True,MINDFUL_PROMPT,0.024,ignored,-0.2
night_owl_student:3,night_owl_student,3,13,5,920,55.0,False,entertainment,False,DELAY,0.024,accepted,1.0
night_owl_student:3,night_owl_student,3,14,1,686,15.0,True,career,True,SOFT_WARNING,0.024,ignored,-0.2
night_owl_student:3,night_owl_student,3,14,3,899,35.0,False,social,False,DELAY,0.024,overridden,-1.0
night_owl_student:3,night_owl_student,3,14,7,1419,20.0,False,gaming,False,MINDFUL_PROMPT,0.024,ignored,-0.2
night_owl_student:3,night_owl_student,3,15,1,516,15.0,False,entertainment,False,REQUEST_CONFIRMATION,0.024,ignored,-0.2
night_owl_student:3,night_owl_student,3,15,9,1329,15.0,False,entertainment,False,LIMITED_ACCESS,0.024,accepted,1.0
night_owl_student:3,night_owl_student,3,15,11,1343,20.0,False,short_form_video,False,MINDFUL_PROMPT,0.024,ignored,-0.2
night_owl_student:3,night_owl_student,3,15,10,1368,15.0,False,clickbait,False,DELAY,0.024,overridden,-1.0
night_owl_student:3,night_owl_student,3,15,14,31,15.0,False,short_form_video,False,DELAY,0.024,overridden,-1.0
night_owl_student:3,night_owl_student,3,16,8,125,15.0,False,entertainment,False,SOFT_WARNING,0.024,accepted,1.0
night_owl_student:3,night_owl_student,3,17,4,1363,15.0,False,social,False,MINDFUL_PROMPT,0.024,ignored,-0.2
night_owl_student:3,night_owl_student,3,17,7,37,25.0,False,career,True,MINDFUL_PROMPT,0.024,ignored,-0.2
night_owl_student:3,night_owl_student,3,17,8,97,20.0,False,entertainment,False,SOFT_WARNING,0.024,ignored,-0.2
night_owl_student:3,night_owl_student,3,19,4,1403,25.0,False,gaming,False,SOFT_WARNING,0.024,ignored,-0.2
night_owl_student:3,night_owl_student,3,19,3,1427,30.0,False,short_form_video,False,MINDFUL_PROMPT,0.024,ignored,-0.2
night_owl_student:3,night_owl_student,3,20,2,741,15.0,False,social,False,MINDFUL_PROMPT,0.024,ignored,-0.2
night_owl_student:3,night_owl_student,3,20,4,880,25.0,False,short_form_video,False,SOFT_WARNING,0.024,ignored,-0.2
night_owl_student:4,night_owl_student,4,0,7,1072,30.0,False,clickbait,False,MINDFUL_PROMPT,0.024,ignored,-0.2
night_owl_student:4,night_owl_student,4,1,5,1113,30.0,False,education,True,REQUEST_CONFIRMATION,0.024,ignored,-0.2
night_owl_student:4,night_owl_student,4,2,4,1026,15.0,False,education,True,DELAY,0.024,overridden,-1.0
night_owl_student:4,night_owl_student,4,2,9,1393,20.0,False,short_form_video,False,SOFT_WARNING,0.024,ignored,-0.2
night_owl_student:4,night_owl_student,4,2,13,62,20.0,False,entertainment,False,MINDFUL_PROMPT,0.024,ignored,-0.2
night_owl_student:4,night_owl_student,4,3,4,723,25.0,False,short_form_video,False,REQUEST_CONFIRMATION,0.024,ignored,-0.2
night_owl_student:4,night_owl_student,4,3,13,1366,35.0,False,short_form_video,False,SOFT_WARNING,0.024,ignored,-0.2
night_owl_student:4,night_owl_student,4,4,1,660,20.0,True,social,False,DELAY,0.024,accepted,1.0
night_owl_student:4,night_owl_student,4,4,3,799,15.0,False,short_form_video,False,LIMITED_ACCESS,0.024,accepted,1.0
night_owl_student:4,night_owl_student,4,4,5,1076,20.0,False,entertainment,False,REQUEST_CONFIRMATION,0.024,ignored,-0.2
night_owl_student:4,night_owl_student,4,5,0,502,30.0,False,entertainment,False,LIMITED_ACCESS,0.024,overridden,-1.0
night_owl_student:4,night_owl_student,4,5,4,1231,15.0,False,short_form_video,False,MINDFUL_PROMPT,0.024,ignored,-0.2
night_owl_student:4,night_owl_student,4,5,6,1347,20.0,False,short_form_video,False,LIMITED_ACCESS,0.024,accepted,1.0
night_owl_student:4,night_owl_student,4,5,8,7,15.0,False,education,True,REQUEST_CONFIRMATION,0.024,ignored,-0.2
night_owl_student:4,night_owl_student,4,6,2,481,15.0,False,short_form_video,False,MINDFUL_PROMPT,0.024,ignored,-0.2
night_owl_student:4,night_owl_student,4,6,11,1439,25.0,False,education,True,REQUEST_CONFIRMATION,0.024,ignored,-0.2
night_owl_student:4,night_owl_student,4,6,13,70,20.0,False,education,True,DELAY,0.024,accepted,1.0
night_owl_student:4,night_owl_student,4,7,0,710,25.0,False,entertainment,False,SOFT_WARNING,0.024,ignored,-0.2
night_owl_student:4,night_owl_student,4,7,6,1271,15.0,True,social,False,LIMITED_ACCESS,0.024,accepted,1.0
night_owl_student:4,night_owl_student,4,8,1,530,30.0,False,education,True,SOFT_WARNING,0.024,ignored,-0.2
night_owl_student:4,night_owl_student,4,8,12,29,15.0,False,short_form_video,False,REQUEST_CONFIRMATION,0.024,ignored,-0.2
night_owl_student:4,night_owl_student,4,9,4,1174,30.0,False,entertainment,False,REQUEST_CONFIRMATION,0.024,ignored,-0.2
night_owl_student:4,night_owl_student,4,9,5,1345,25.0,False,entertainment,False,LIMITED_ACCESS,0.024,overridden,-1.0
night_owl_student:4,night_owl_student,4,10,0,471,20.0,False,short_form_video,False,SOFT_WARNING,0.024,ignored,-0.2
night_owl_student:4,night_owl_student,4,10,3,627,15.0,True,gaming,False,SOFT_WARNING,0.024,ignored,-0.2
night_owl_student:4,night_owl_student,4,11,7,106,30.0,False,short_form_video,False,LIMITED_ACCESS,0.024,accepted,1.0
night_owl_student:4,night_owl_student,4,12,5,30,15.0,False,education,True,LIMITED_ACCESS,0.024,overridden,-1.0
night_owl_student:4,night_owl_student,4,12,6,42,20.0,False,short_form_video,False,LIMITED_ACCESS,0.024,overridden,-1.0
night_owl_student:4,night_owl_student,4,13,2,583,25.0,False,career,True,DELAY,0.024,overridden,-1.0
night_owl_student:4,night_owl_student,4,13,6,1181,15.0,False,short_form_video,False,SOFT_WARNING,0.024,ignored,-0.2
night_owl_student:4,night_owl_student,4,13,14,38,15.0,False,gaming,False,LIMITED_ACCESS,0.024,accepted,1.0
night_owl_student:4,night_owl_student,4,13,13,46,15.0,False,career,True,LIMITED_ACCESS,0.024,overridden,-1.0
night_owl_student:4,night_owl_student,4,13,12,51,15.0,False,short_form_video,False,REQUEST_CONFIRMATION,0.024,ignored,-0.2
night_owl_student:4,night_owl_student,4,14,8,1378,25.0,False,clickbait,False,MINDFUL_PROMPT,0.024,ignored,-0.2
night_owl_student:4,night_owl_student,4,14,10,1407,35.0,False,short_form_video,False,SOFT_WARNING,0.024,ignored,-0.2
night_owl_student:4,night_owl_student,4,16,0,622,20.0,True,education,True,SOFT_WARNING,0.024,ignored,-0.2
night_owl_student:4,night_owl_student,4,16,4,1391,25.0,False,entertainment,False,SOFT_WARNING,0.024,ignored,-0.2
night_owl_student:4,night_owl_student,4,16,5,84,20.0,False,short_form_video,False,SOFT_WARNING,0.024,ignored,-0.2
night_owl_student:4,night_owl_student,4,17,12,2,15.0,False,clickbait,False,MINDFUL_PROMPT,0.024,ignored,-0.2
night_owl_student:4,night_owl_student,4,18,7,1199,30.0,False,clickbait,False,REQUEST_CONFIRMATION,0.024,ignored,-0.2
night_owl_student:4,night_owl_student,4,18,13,46,15.0,False,clickbait,False,LIMITED_ACCESS,0.024,overridden,-1.0
night_owl_student:4,night_owl_student,4,19,9,1417,35.0,False,clickbait,False,DELAY,0.024,accepted,1.0
night_owl_student:4,night_owl_student,4,19,14,147,35.0,False,education,True,SOFT_WARNING,0.024,ignored,-0.2
night_owl_student:4,night_owl_student,4,20,2,722,25.0,False,clickbait,False,SOFT_WARNING,0.024,ignored,-0.2
night_owl_student:4,night_owl_student,4,20,9,1270,15.0,False,gaming,False,DELAY,0.024,accepted,1.0
night_owl_student:4,night_owl_student,4,20,11,1403,15.0,False,entertainment,False,MINDFUL_PROMPT,0.024,accepted,1.0
night_owl_student:5,night_owl_student,5,0,9,924,30.0,True,entertainment,False,SOFT_WARNING,0.024,ignored,-0.2
night_owl_student:5,night_owl_student,5,0,14,80,30.0,False,short_form_video,False,REQUEST_CONFIRMATION,0.024,accepted,1.0
night_owl_student:5,night_owl_student,5,1,0,439,20.0,False,education,True,MINDFUL_PROMPT,0.024,ignored,-0.2
night_owl_student:5,night_owl_student,5,1,2,750,30.0,False,education,True,LIMITED_ACCESS,0.024,overridden,-1.0
night_owl_student:5,night_owl_student,5,1,8,1180,20.0,False,short_form_video,False,LIMITED_ACCESS,0.024,overridden,-1.0
night_owl_student:5,night_owl_student,5,1,11,1405,35.0,False,education,True,MINDFUL_PROMPT,0.024,ignored,-0.2
night_owl_student:5,night_owl_student,5,2,6,1350,15.0,False,education,True,DELAY,0.024,overridden,-1.0
night_owl_student:5,night_owl_student,5,3,6,58,30.0,False,social,False,DELAY,0.024,overridden,-1.0
night_owl_student:5,night_owl_student,5,4,7,1416,25.0,False,short_form_video,False,SOFT_WARNING,0.024,ignored,-0.2
night_owl_student:5,night_owl_student,5,4,10,62,20.0,False,short_form_video,False,MINDFUL_PROMPT,0.024,ignored,-0.2
night_owl_student:5,night_owl_student,5,5,0,500,15.0,False,gaming,False,DELAY,0.024,overridden,-1.0
night_owl_student:5,night_owl_student,5,5,14,114,20.0,False,entertainment,False,DELAY,0.024,accepted,1.0
night_owl_student:5,night_owl_student,5,6,2,589,15.0,False,education,True,REQUEST_CONFIRMATION,0.024,ignored,-0.2
night_owl_student:5,night_owl_student,5,6,4,727,15.0,False,clickbait,False,DELAY,0.024,accepted,1.0
night_owl_student:5,night_owl_student,5,6,5,815,20.0,False,education,True,SOFT_WARNING,0.024,ignored,-0.2
night_owl_student:5,night_owl_student,5,8,0,452,30.0,False,career,True,LIMITED_ACCESS,0.024,overridden,-1.0
night_owl_student:5,night_owl_student,5,8,5,1361,25.0,False,education,True,MINDFUL_PROMPT,0.024,ignored,-0.2
night_owl_student:5,night_owl_student,5,9,7,1389,45.0,False,education,True,LIMITED_ACCESS,0.024,overridden,-1.0
night_owl_student:5,night_owl_student,5,9,13,62,15.0,False,entertainment,False,REQUEST_CONFIRMATION,0.024,ignored,-0.2
night_owl_student:5,night_owl_student,5,9,14,100,20.0,False,entertainment,False,SOFT_WARNING,0.024,ignored,-0.2
night_owl_student:5,night_owl_student,5,10,0,459,35.0,False,social,False,MINDFUL_PROMPT,0.024,ignored,-0.2
night_owl_student:5,night_owl_student,5,10,4,657,30.0,False,entertainment,False,REQUEST_CONFIRMATION,0.024,ignored,-0.2
night_owl_student:5,night_owl_student,5,11,5,1276,15.0,False,education,True,REQUEST_CONFIRMATION,0.024,ignored,-0.2
night_owl_student:5,night_owl_student,5,11,6,1289,15.0,False,education,True,LIMITED_ACCESS,0.024,overridden,-1.0
night_owl_student:5,night_owl_student,5,12,1,611,15.0,False,social,False,MINDFUL_PROMPT,0.024,accepted,1.0
night_owl_student:5,night_owl_student,5,12,3,1154,15.0,False,social,False,SOFT_WARNING,0.024,ignored,-0.2
night_owl_student:5,night_owl_student,5,12,5,39,35.0,False,entertainment,False,REQUEST_CONFIRMATION,0.024,accepted,1.0
night_owl_student:5,night_owl_student,5,14,5,1090,15.0,False,education,True,DELAY,0.024,accepted,1.0
night_owl_student:5,night_owl_student,5,14,9,1411,55.0,False,education,True,MINDFUL_PROMPT,0.024,ignored,-0.2
night_owl_student:5,night_owl_student,5,14,10,1427,20.0,False,short_form_video,False,REQUEST_CONFIRMATION,0.024,accepted,1.0
night_owl_student:5,night_owl_student,5,15,4,1369,15.0,False,entertainment,False,LIMITED_ACCESS,0.024,overridden,-1.0
night_owl_student:5,night_owl_student,5,16,1,521,35.0,False,entertainment,False,REQUEST_CONFIRMATION,0.024,ignored,-0.2
night_owl_student:5,night_owl_student,5,16,7,1342,30.0,False,short_form_video,False,DELAY,0.024,accepted,1.0
night_owl_student:5,night_owl_student,5,16,10,1408,25.0,False,career,True,DELAY,0.024,accepted,1.0
night_owl_student:5,night_owl_student,5,16,9,1418,20.0,False,short_form_video,False,SOFT_WARNING,0.024,ignored,-0.2
night_owl_student:5,night_owl_student,5,17,1,638,25.0,True,entertainment,False,LIMITED_ACCESS,0.024,overridden,-1.0
night_owl_student:5,night_owl_student,5,17,2,833,15.0,False,clickbait,False,DELAY,0.024,accepted,1.0
night_owl_student:5,night_owl_student,5,17,4,886,15.0,False,short_form_video,False,DELAY,0.024,overridden,-1.0
night_owl_student:5,night_owl_student,5,18,3,910,15.0,False,education,True,DELAY,0.024,overridden,-1.0
night_owl_student:5,night_owl_student,5,18,8,121,70.0,False,clickbait,False,DELAY,0.024,accepted,1.0
night_owl_student:5,night_owl_student,5,19,3,839,20.0,False,clickbait,False,SOFT_WARNING,0.024,accepted,1.0
night_owl_student:5,night_owl_student,5,20,3,1059,60.0,False,short_form_video,False,SOFT_WARNING,0.024,accepted,1.0
night_owl_student:5,night_owl_student,5,20,8,1341,20.0,False,clickbait,False,MINDFUL_PROMPT,0.024,accepted,1.0
night_owl_student:5,night_owl_student,5,20,10,67,15.0,False,clickbait,False,LIMITED_ACCESS,0.024,accepted,1.0
night_owl_student:6,night_owl_student,6,0,6,8,20.0,False,short_form_video,False,LIMITED_ACCESS,0.024,accepted,1.0
night_owl_student:6,night_owl_student,6,5,5,1311,45.0,False,education,True,DELAY,0.024,accepted,1.0
night_owl_student:6,night_owl_student,6,6,3,1024,15.0,False,education,True,MINDFUL_PROMPT,0.024,ignored,-0.2
night_owl_student:6,night_owl_student,6,6,8,1383,35.0,False,education,True,MINDFUL_PROMPT,0.024,ignored,-0.2
night_owl_student:6,night_owl_student,6,6,13,107,20.0,False,education,True,REQUEST_CONFIRMATION,0.024,ignored,-0.2
night_owl_student:6,night_owl_student,6,6,11,152,50.0,False,education,True,DELAY,0.024,accepted,1.0
night_owl_student:6,night_owl_student,6,7,1,521,15.0,False,short_form_video,False,MINDFUL_PROMPT,0.024,ignored,-0.2
night_owl_student:6,night_owl_student,6,7,8,1429,20.0,False,short_form_video,False,REQUEST_CONFIRMATION,0.024,ignored,-0.2
night_owl_student:6,night_owl_student,6,7,11,59,15.0,False,short_form_video,False,REQUEST_CONFIRMATION,0.024,accepted,1.0
night_owl_student:6,night_owl_student,6,9,1,483,20.0,False,gaming,False,DELAY,0.024,accepted,1.0
night_owl_student:6,night_owl_student,6,10,0,662,15.0,False,career,True,LIMITED_ACCESS,0.024,overridden,-1.0
night_owl_student:6,night_owl_student,6,10,5,12,20.0,False,short_form_video,False,DELAY,0.024,accepted,1.0
night_owl_student:6,night_owl_student,6,10,8,102,20.0,False,short_form_video,False,DELAY,0.024,accepted,1.0
night_owl_student:6,night_owl_student,6,11,3,1188,20.0,False,education,True,SOFT_WARNING,0.024,ignored,-0.2
night_owl_student:6,night_owl_student,6,11,5,1330,15.0,False,clickbait,False,REQUEST_CONFIRMATION,0.024,ignored,-0.2
night_owl_student:6,night_owl_student,6,11,9,46,40.0,False,entertainment,False,LIMITED_ACCESS,0.024,overridden,-1.0
night_owl_student:6,night_owl_student,6,12,13,1417,20.0,False,short_form_video,False,REQUEST_CONFIRMATION,0.024,accepted,1.0
night_owl_student:6,night_owl_student,6,13,8,1190,20.0,False,entertainment,False,LIMITED_ACCESS,0.024,accepted,1.0
night_owl_student:6,night_owl_student,6,13,9,1305,20.0,False,clickbait,False,LIMITED_ACCESS,0.024,overridden,-1.0
night_owl_student:6,night_owl_student,6,13,12,1364,20.0,False,social,False,DELAY,0.024,accepted,1.0
night_owl_student:6,night_owl_student,6,13,13,1386,25.0,False,education,True,LIMITED_ACCESS,0.024,overridden,-1.0
night_owl_student:6,night_owl_student,6,13,16,57,20.0,False,short_form_video,False,SOFT_WARNING,0.024,ignored,-0.2
night_owl_student:6,night_owl_student,6,13,18,144,60.0,False,education,True,DELAY,0.024,accepted,1.0
night_owl_student:6,night_owl_student,6,16,6,944,15.0,True,entertainment,False,SOFT_WARNING,0.024,ignored,-0.2
night_owl_student:6,night_owl_student,6,16,16,109,20.0,False,entertainment,False,DELAY,0.024,accepted,1.0
night_owl_student:6,night_owl_student,6,19,1,567,35.0,False,short_form_video,False,SOFT_WARNING,0.024,ignored,-0.2
night_owl_student:6,night_owl_student,6,19,2,643,15.0,False,short_form_video,False,REQUEST_CONFIRMATION,0.024,ignored,-0.2
night_owl_student:6,night_owl_student,6,20,0,578,30.0,False,career,True,LIMITED_ACCESS,0.024,accepted,1.0
night_owl_student:6,night_owl_student,6,20,9,45,25.0,False,entertainment,False,LIMITED_ACCESS,0.024,overridden,-1.0
night_owl_student:7,night_owl_student,7,1,0,471,20.0,False,education,True,SOFT_WARNING,0.024,ignored,-0.2
night_owl_student:7,night_owl_student,7,1,6,55,15.0,False,short_form_video,False,SOFT_WARNING,0.024,ignored,-0.2
night_owl_student:7,night_owl_student,7,2,7,1377,60.0,False,short_form_video,False,SOFT_WARNING,0.024,ignored,-0.2
night_owl_student:7,night_owl_student,7,2,8,1429,15.0,False,career,True,REQUEST_CONFIRMATION,0.024,ignored,-0.2
night_owl_student:7,night_owl_student,7,3,21,37,15.0,False,entertainment,False,DELAY,0.024,accepted,1.0
night_owl_student:7,night_owl_student,7,4,6,31,15.0,False,entertainment,False,DELAY,0.024,accepted,1.0
night_owl_student:7,night_owl_student,7,5,0,497,15.0,False,entertainment,False,MINDFUL_PROMPT,0.024,accepted,1.0
night_owl_student:7,night_owl_student,7,5,1,507,15.0,False,short_form_video,False,MINDFUL_PROMPT,0.024,ignored,-0.2
night_owl_student:7,night_owl_student,7,5,8,1421,30.0,False,clickbait,False,SOFT_WARNING,0.024,ignored,-0.2
night_owl_student:7,night_owl_student,7,5,10,60,20.0,False,education,True,MINDFUL_PROMPT,0.024,accepted,1.0
night_owl_student:7,night_owl_student,7,6,1,995,25.0,False,short_form_video,False,DELAY,0.024,accepted,1.0
night_owl_student:7,night_owl_student,7,6,2,1219,40.0,False,entertainment,False,SOFT_WARNING,0.024,ignored,-0.2
night_owl_student:7,night_owl_student,7,6,4,1269,15.0,False,short_form_video,False,REQUEST_CONFIRMATION,0.024,ignored,-0.2
night_owl_student:7,night_owl_student,7,8,3,1174,15.0,False,entertainment,False,DELAY,0.024,accepted,1.0
night_owl_student:7,night_owl_student,7,8,9,24,20.0,False,clickbait,False,SOFT_WARNING,0.024,ignored,-0.2
night_owl_student:7,night_owl_student,7,9,3,808,30.0,False,education,True,MINDFUL_PROMPT,0.024,ignored,-0.2
night_owl_student:7,night_owl_student,7,9,4,1023,15.0,False,education,True,LIMITED_ACCESS,0.024,overridden,-1.0
night_owl_student:7,night_owl_student,7,9,5,1066,30.0,False,short_form_video,False,LIMITED_ACCESS,0.024,accepted,1.0
night_owl_student:7,night_owl_student,7,9,7,1346,20.0,False,short_form_video,False,LIMITED_ACCESS,0.024,overridden,-1.0
night_owl_student:7,night_owl_student,7,10,6,1360,15.0,False,education,True,MINDFUL_PROMPT,0.024,ignored,-0.2
night_owl_student:7,night_owl_student,7,10,5,1373,20.0,False,social,False,DELAY,0.024,overridden,-1.0
night_owl_student:7,night_owl_student,7,10,7,1399,15.0,False,clickbait,False,MINDFUL_PROMPT,0.024,ignored,-0.2
night_owl_student:7,night_owl_student,7,11,3,1362,15.0,False,short_form_video,False,LIMITED_ACCESS,0.024,accepted,1.0
night_owl_student:7,night_owl_student,7,12,5,1418,20.0,False,education,True,REQUEST_CONFIRMATION,0.024,ignored,-0.2
night_owl_student:7,night_owl_student,7,12,6,1437,15.0,False,entertainment,False,SOFT_WARNING,0.024,ignored,-0.2
night_owl_student:7,night_owl_student,7,12,7,15,20.0,False,career,True,LIMITED_ACCESS,0.024,overridden,-1.0
night_owl_student:7,night_owl_student,7,12,8,24,25.0,False,short_form_video,False,DELAY,0.024,overridden,-1.0
night_owl_student:7,night_owl_student,7,13,5,697,15.0,False,social,False,DELAY,0.024,accepted,1.0
night_owl_student:7,night_owl_student,7,14,0,667,15.0,True,education,True,LIMITED_ACCESS,0.024,overridden,-1.0
night_owl_student:7,night_owl_student,7,14,6,1230,15.0,False,clickbait,False,DELAY,0.024,overridden,-1.0
night_owl_student:7,night_owl_student,7,15,1,747,25.0,False,entertainment,False,LIMITED_ACCESS,0.024,overridden,-1.0
night_owl_student:7,night_owl_student,7,15,3,991,15.0,False,career,True,DELAY,0.024,overridden,-1.0
night_owl_student:7,night_owl_student,7,15,4,1276,25.0,False,entertainment,False,LIMITED_ACCESS,0.024,overridden,-1.0
night_owl_student:7,night_owl_student,7,17,9,86,15.0,False,clickbait,False,SOFT_WARNING,0.024,accepted,1.0
night_owl_student:7,night_owl_student,7,18,1,611,40.0,False,education,True,SOFT_WARNING,0.024,ignored,-0.2
night_owl_student:7,night_owl_student,7,18,5,896,15.0,False,education,True,DELAY,0.024,accepted,1.0
night_owl_student:7,night_owl_student,7,18,16,135,25.0,False,clickbait,False,REQUEST_CONFIRMATION,0.024,ignored,-0.2
night_owl_student:7,night_owl_student,7,19,3,1031,15.0,False,short_form_video,False,SOFT_WARNING,0.024,ignored,-0.2
night_owl_student:7,night_owl_student,7,19,4,1119,25.0,False,entertainment,False,LIMITED_ACCESS,0.024,overridden,-1.0
night_owl_student:7,night_owl_student,7,19,11,122,15.0,False,entertainment,False,DELAY,0.024,accepted,1.0
night_owl_student:7,night_owl_student,7,20,5,1385,15.0,False,clickbait,False,REQUEST_CONFIRMATION,0.024,ignored,-0.2
focused_but_impulsive:0,focused_but_impulsive,0,1,12,1223,15.0,False,short_form_video,False,SOFT_WARNING,0.024,ignored,-0.2
focused_but_impulsive:0,focused_but_impulsive,0,2,0,560,15.0,True,short_form_video,False,SOFT_WARNING,0.024,ignored,-0.2
focused_but_impulsive:0,focused_but_impulsive,0,2,3,618,15.0,True,short_form_video,False,DELAY,0.024,accepted,1.0
focused_but_impulsive:0,focused_but_impulsive,0,4,3,593,15.0,False,entertainment,False,REQUEST_CONFIRMATION,0.024,ignored,-0.2
focused_but_impulsive:0,focused_but_impulsive,0,6,7,822,20.0,False,short_form_video,False,SOFT_WARNING,0.024,accepted,1.0
focused_but_impulsive:0,focused_but_impulsive,0,8,6,808,20.0,False,education,True,LIMITED_ACCESS,0.024,accepted,1.0
focused_but_impulsive:0,focused_but_impulsive,0,8,13,1224,20.0,False,education,True,SOFT_WARNING,0.024,ignored,-0.2
focused_but_impulsive:0,focused_but_impulsive,0,9,10,12,15.0,False,short_form_video,False,SOFT_WARNING,0.024,ignored,-0.2
focused_but_impulsive:0,focused_but_impulsive,0,11,11,1254,20.0,False,education,True,DELAY,0.024,overridden,-1.0
focused_but_impulsive:0,focused_but_impulsive,0,12,11,1159,15.0,False,social,False,SOFT_WARNING,0.024,ignored,-0.2
focused_but_impulsive:0,focused_but_impulsive,0,13,5,849,30.0,False,career,True,REQUEST_CONFIRMATION,0.024,ignored,-0.2
focused_but_impulsive:0,focused_but_impulsive,0,14,11,1407,20.0,False,short_form_video,False,MINDFUL_PROMPT,0.024,ignored,-0.2
focused_but_impulsive:0,focused_but_impulsive,0,18,8,1124,15.0,False,short_form_video,False,SOFT_WARNING,0.024,ignored,-0.2
focused_but_impulsive:0,focused_but_impulsive,0,19,8,863,65.0,False,clickbait,False,LIMITED_ACCESS,0.024,accepted,1.0
focused_but_impulsive:0,focused_but_impulsive,0,20,4,697,15.0,False,gaming,False,LIMITED_ACCESS,0.024,accepted,1.0
focused_but_impulsive:0,focused_but_impulsive,0,20,11,1315,15.0,False,career,True,LIMITED_ACCESS,0.024,accepted,1.0
focused_but_impulsive:1,focused_but_impulsive,1,0,1,605,20.0,True,entertainment,False,LIMITED_ACCESS,0.024,accepted,1.0
focused_but_impulsive:1,focused_but_impulsive,1,0,11,1231,20.0,False,entertainment,False,MINDFUL_PROMPT,0.024,ignored,-0.2
focused_but_impulsive:1,focused_but_impulsive,1,0,14,1418,15.0,False,gaming,False,DELAY,0.024,accepted,1.0
focused_but_impulsive:1,focused_but_impulsive,1,1,14,6,15.0,False,education,True,DELAY,0.024,accepted,1.0
focused_but_impulsive:1,focused_but_impulsive,1,3,7,1381,15.0,False,education,True,MINDFUL_PROMPT,0.024,ignored,-0.2
focused_but_impulsive:1,focused_but_impulsive,1,7,5,867,15.0,True,education,True,REQUEST_CONFIRMATION,0.024,ignored,-0.2
focused_but_impulsive:1,focused_but_impulsive,1,7,6,953,20.0,True,entertainment,False,REQUEST_CONFIRMATION,0.024,accepted,1.0
focused_but_impulsive:1,focused_but_impulsive,1,10,10,1238,30.0,False,education,True,LIMITED_ACCESS,0.024,overridden,-1.0
focused_but_impulsive:1,focused_but_impulsive,1,12,3,588,15.0,False,social,False,LIMITED_ACCESS,0.024,accepted,1.0
focused_but_impulsive:1,focused_but_impulsive,1,12,7,1011,20.0,False,education,True,MINDFUL_PROMPT,0.024,ignored,-0.2
focused_but_impulsive:1,focused_but_impulsive,1,14,0,485,20.0,False,education,True,REQUEST_CONFIRMATION,0.024,ignored,-0.2
focused_but_impulsive:1,focused_but_impulsive,1,14,10,859,25.0,True,education,True,DELAY,0.024,accepted,1.0
focused_but_impulsive:1,focused_but_impulsive,1,16,0,684,15.0,False,education,True,DELAY,0.024,overridden,-1.0
focused_but_impulsive:1,focused_but_impulsive,1,16,4,905,20.0,True,education,True,REQUEST_CONFIRMATION,0.024,accepted,1.0
focused_but_impulsive:1,focused_but_impulsive,1,17,1,673,15.0,True,education,True,SOFT_WARNING,0.024,ignored,-0.2
focused_but_impulsive:1,focused_but_impulsive,1,18,9,1361,15.0,False,short_form_video,False,REQUEST_CONFIRMATION,0.024,accepted,1.0
focused_but_impulsive:1,focused_but_impulsive,1,19,4,846,15.0,False,career,True,SOFT_WARNING,0.024,ignored,-0.2
focused_but_impulsive:1,focused_but_impulsive,1,20,0,515,15.0,False,social,False,DELAY,0.024,overridden,-1.0
focused_but_impulsive:2,focused_but_impulsive,2,0,2,692,20.0,False,education,True,SOFT_WARNING,0.024,ignored,-0.2
focused_but_impulsive:2,focused_but_impulsive,2,3,5,1216,20.0,False,career,True,LIMITED_ACCESS,0.024,accepted,1.0
focused_but_impulsive:2,focused_but_impulsive,2,4,3,1347,15.0,False,gaming,False,REQUEST_CONFIRMATION,0.024,accepted,1.0
focused_but_impulsive:2,focused_but_impulsive,2,5,3,525,15.0,False,clickbait,False,LIMITED_ACCESS,0.024,accepted,1.0
focused_but_impulsive:2,focused_but_impulsive,2,5,5,645,15.0,False,career,True,LIMITED_ACCESS,0.024,overridden,-1.0
focused_but_impulsive:2,focused_but_impulsive,2,10,3,712,15.0,False,clickbait,False,REQUEST_CONFIRMATION,0.024,accepted,1.0
focused_but_impulsive:2,focused_but_impulsive,2,14,10,964,15.0,False,social,False,DELAY,0.024,accepted,1.0
focused_but_impulsive:2,focused_but_impulsive,2,14,12,1065,50.0,False,clickbait,False,LIMITED_ACCESS,0.024,accepted,1.0
focused_but_impulsive:2,focused_but_impulsive,2,14,14,1118,20.0,False,short_form_video,False,DELAY,0.024,accepted,1.0
focused_but_impulsive:2,focused_but_impulsive,2,15,4,742,15.0,False,clickbait,False,SOFT_WARNING,0.024,ignored,-0.2
focused_but_impulsive:2,focused_but_impulsive,2,15,5,773,20.0,False,entertainment,False,DELAY,0.024,accepted,1.0
focused_but_impulsive:2,focused_but_impulsive,2,15,8,1046,15.0,False,education,True,MINDFUL_PROMPT,0.024,ignored,-0.2
focused_but_impulsive:2,focused_but_impulsive,2,16,5,1387,25.0,False,career,True,SOFT_WARNING,0.024,ignored,-0.2
focused_but_impulsive:2,focused_but_impulsive,2,18,5,872,20.0,True,short_form_video,False,SOFT_WARNING,0.024,ignored,-0.2
focused_but_impulsive:2,focused_but_impulsive,2,19,4,706,15.0,False,entertainment,False,SOFT_WARNING,0.024,ignored,-0.2
focused_but_impulsive:2,focused_but_impulsive,2,20,3,840,15.0,False,short_form_video,False,DELAY,0.024,accepted,1.0
focused_but_impulsive:3,focused_but_impulsive,3,0,1,600,25.0,True,entertainment,False,REQUEST_CONFIRMATION,0.024,ignored,-0.2
focused_but_impulsive:3,focused_but_impulsive,3,0,2,619,15.0,True,short_form_video,False,MINDFUL_PROMPT,0.024,ignored,-0.2
focused_but_impulsive:3,focused_but_impulsive,3,3,2,849,15.0,True,short_form_video,False,DELAY,0.024,accepted,1.0
focused_but_impulsive:3,focused_but_impulsive,3,3,6,1149,20.0,False,education,True,LIMITED_ACCESS,0.024,overridden,-1.0
focused_but_impulsive:3,focused_but_impulsive,3,4,2,698,15.0,False,short_form_video,False,SOFT_WARNING,0.024,accepted,1.0
focused_but_impulsive:3,focused_but_impulsive,3,4,8,1329,20.0,False,entertainment,False,LIMITED_ACCESS,0.024,accepted,1.0
focused_but_impulsive:3,focused_but_impulsive,3,5,6,990,30.0,False,education,True,REQUEST_CONFIRMATION,0.024,ignored,-0.2
focused_but_impulsive:3,focused_but_impulsive,3,5,8,1227,15.0,False,entertainment,False,DELAY,0.024,accepted,1.0
focused_but_impulsive:3,focused_but_impulsive,3,6,0,446,25.0,False,entertainment,False,DELAY,0.024,accepted,1.0
focused_but_impulsive:3,focused_but_impulsive,3,6,4,718,15.0,False,entertainment,False,DELAY,0.024,accepted,1.0
focused_but_impulsive:3,focused_but_impulsive,3,6,14,1366,15.0,False,education,True,DELAY,0.024,accepted,1.0
focused_but_impulsive:3,focused_but_impulsive,3,7,3,696,20.0,False,clickbait,False,MINDFUL_PROMPT,0.024,accepted,1.0
focused_but_impulsive:3,focused_but_impulsive,3,7,4,804,15.0,False,short_form_video,False,MINDFUL_PROMPT,0.024,ignored,-0.2
focused_but_impulsive:3,focused_but_impulsive,3,8,10,68,30.0,False,career,True,REQUEST_CONFIRMATION,0.024,accepted,1.0
focused_but_impulsive:3,focused_but_impulsive,3,9,8,1093,20.0,False,entertainment,False,DELAY,0.024,overridden,-1.0
focused_but_impulsive:3,focused_but_impulsive,3,9,9,1136,15.0,False,clickbait,False,MINDFUL_PROMPT,0.024,ignored,-0.2
focused_but_impulsive:3,focused_but_impulsive,3,10,16,1409,15.0,False,education,True,MINDFUL_PROMPT,0.024,ignored,-0.2
focused_but_impulsive:3,focused_but_impulsive,3,11,10,1329,20.0,False,career,True,LIMITED_ACCESS,0.024,accepted,1.0
focused_but_impulsive:3,focused_but_impulsive,3,13,1,504,25.0,False,clickbait,False,MINDFUL_PROMPT,0.024,ignored,-0.2
focused_but_impulsive:3,focused_but_impulsive,3,14,1,680,15.0,False,career,True,SOFT_WARNING,0.024,ignored,-0.2
focused_but_impulsive:3,focused_but_impulsive,3,14,5,964,15.0,True,education,True,DELAY,0.024,overridden,-1.0
focused_but_impulsive:3,focused_but_impulsive,3,14,7,1171,30.0,False,education,True,MINDFUL_PROMPT,0.024,ignored,-0.2
focused_but_impulsive:3,focused_but_impulsive,3,15,3,742,15.0,False,education,True,REQUEST_CONFIRMATION,0.024,ignored,-0.2
focused_but_impulsive:3,focused_but_impulsive,3,17,4,723,15.0,False,entertainment,False,MINDFUL_PROMPT,0.024,ignored,-0.2
focused_but_impulsive:3,focused_but_impulsive,3,17,9,999,20.0,False,short_form_video,False,MINDFUL_PROMPT,0.024,ignored,-0.2
focused_but_impulsive:3,focused_but_impulsive,3,17,10,1321,20.0,False,short_form_video,False,SOFT_WARNING,0.024,accepted,1.0
focused_but_impulsive:3,focused_but_impulsive,3,19,3,938,25.0,False,short_form_video,False,SOFT_WARNING,0.024,ignored,-0.2
focused_but_impulsive:3,focused_but_impulsive,3,19,7,1196,20.0,False,short_form_video,False,MINDFUL_PROMPT,0.024,ignored,-0.2
focused_but_impulsive:3,focused_but_impulsive,3,20,2,666,15.0,False,entertainment,False,MINDFUL_PROMPT,0.024,ignored,-0.2
focused_but_impulsive:3,focused_but_impulsive,3,20,10,1030,25.0,False,career,True,SOFT_WARNING,0.024,ignored,-0.2
focused_but_impulsive:4,focused_but_impulsive,4,0,16,1157,15.0,False,education,True,MINDFUL_PROMPT,0.024,accepted,1.0
focused_but_impulsive:4,focused_but_impulsive,4,2,4,1030,25.0,False,gaming,False,DELAY,0.024,accepted,1.0
focused_but_impulsive:4,focused_but_impulsive,4,4,3,712,15.0,False,entertainment,False,DELAY,0.024,accepted,1.0
focused_but_impulsive:4,focused_but_impulsive,4,4,5,757,15.0,False,social,False,LIMITED_ACCESS,0.024,accepted,1.0
focused_but_impulsive:4,focused_but_impulsive,4,5,4,745,25.0,False,education,True,LIMITED_ACCESS,0.024,overridden,-1.0
focused_but_impulsive:4,focused_but_impulsive,4,5,12,1416,15.0,False,clickbait,False,MINDFUL_PROMPT,0.024,ignored,-0.2
focused_but_impulsive:4,focused_but_impulsive,4,7,13,68,15.0,False,entertainment,False,SOFT_WARNING,0.024,ignored,-0.2
focused_but_impulsive:4,focused_but_impulsive,4,8,9,1070,15.0,False,social,False,SOFT_WARNING,0.024,accepted,1.0
focused_but_impulsive:4,focused_but_impulsive,4,9,12,1412,15.0,False,social,False,REQUEST_CONFIRMATION,0.024,ignored,-0.2
focused_but_impulsive:4,focused_but_impulsive,4,10,3,529,15.0,False,education,True,SOFT_WARNING,0.024,ignored,-0.2
focused_but_impulsive:4,focused_but_impulsive,4,10,7,795,15.0,False,short_form_video,False,SOFT_WARNING,0.024,ignored,-0.2
focused_but_impulsive:4,focused_but_impulsive,4,12,5,989,20.0,False,education,True,LIMITED_ACCESS,0.024,overridden,-1.0
focused_but_impulsive:4,focused_but_impulsive,4,12,6,1085,20.0,False,social,False,LIMITED_ACCESS,0.024,accepted,1.0
focused_but_impulsive:4,focused_but_impulsive,4,13,1,570,15.0,False,social,False,DELAY,0.024,accepted,1.0
focused_but_impulsive:4,focused_but_impulsive,4,13,6,883,30.0,False,gaming,False,SOFT_WARNING,0.024,ignored,-0.2
focused_but_impulsive:4,focused_but_impulsive,4,16,7,1277,15.0,False,career,True,SOFT_WARNING,0.024,ignored,-0.2
focused_but_impulsive:4,focused_but_impulsive,4,17,13,1355,15.0,False,short_form_video,False,MINDFUL_PROMPT,0.024,accepted,1.0
focused_but_impulsive:4,focused_but_impulsive,4,18,8,1327,15.0,False,career,True,REQUEST_CONFIRMATION,0.024,ignored,-0.2
focused_but_impulsive:4,focused_but_impulsive,4,19,14,1377,20.0,False,short_form_video,False,DELAY,0.024,accepted,1.0
focused_but_impulsive:4,focused_but_impulsive,4,20,4,725,25.0,False,career,True,SOFT_WARNING,0.024,accepted,1.0
focused_but_impulsive:4,focused_but_impulsive,4,20,9,893,40.0,False,career,True,DELAY,0.024,accepted,1.0
focused_but_impulsive:4,focused_but_impulsive,4,20,10,1009,40.0,False,education,True,MINDFUL_PROMPT,0.024,accepted,1.0
focused_but_impulsive:4,focused_but_impulsive,4,20,14,1161,30.0,False,short_form_video,False,SOFT_WARNING,0.024,ignored,-0.2
focused_but_impulsive:4,focused_but_impulsive,4,20,16,44,25.0,False,short_form_video,False,MINDFUL_PROMPT,0.024,ignored,-0.2
focused_but_impulsive:5,focused_but_impulsive,5,1,0,439,20.0,False,gaming,False,MINDFUL_PROMPT,0.024,accepted,1.0
focused_but_impulsive:5,focused_but_impulsive,5,1,8,1035,15.0,False,social,False,LIMITED_ACCESS,0.024,accepted,1.0
focused_but_impulsive:5,focused_but_impulsive,5,2,15,1362,20.0,False,entertainment,False,DELAY,0.024,accepted,1.0
focused_but_impulsive:5,focused_but_impulsive,5,4,7,900,20.0,True,education,True,SOFT_WARNING,0.024,ignored,-0.2
focused_but_impulsive:5,focused_but_impulsive,5,4,15,1293,15.0,False,short_form_video,False,MINDFUL_PROMPT,0.024,ignored,-0.2
focused_but_impulsive:5,focused_but_impulsive,5,5,0,500,15.0,False,gaming,False,DELAY,0.024,overridden,-1.0
focused_but_impulsive:5,focused_but_impulsive,5,8,13,1034,15.0,False,education,True,LIMITED_ACCESS,0.024,accepted,1.0
focused_but_impulsive:5,focused_but_impulsive,5,10,9,1003,15.0,False,entertainment,False,MINDFUL_PROMPT,0.024,ignored,-0.2
focused_but_impulsive:5,focused_but_impulsive,5,12,0,487,15.0,False,short_form_video,False,MINDFUL_PROMPT,0.024,ignored,-0.2
focused_but_impulsive:5,focused_but_impulsive,5,12,3,492,15.0,False,short_form_video,False,SOFT_WARNING,0.024,ignored,-0.2
focused_but_impulsive:5,focused_but_impulsive,5,12,11,1361,45.0,False,education,True,REQUEST_CONFIRMATION,0.024,ignored,-0.2
focused_but_impulsive:5,focused_but_impulsive,5,14,9,1164,15.0,False,education,True,DELAY,0.024,accepted,1.0
focused_but_impulsive:5,focused_but_impulsive,5,15,4,880,15.0,False,short_form_video,False,LIMITED_ACCESS,0.024,accepted,1.0
focused_but_impulsive:5,focused_but_impulsive,5,16,2,605,30.0,True,social,False,REQUEST_CONFIRMATION,0.024,ignored,-0.2
focused_but_impulsive:5,focused_but_impulsive,5,17,4,696,15.0,False,education,True,LIMITED_ACCESS,0.024,overridden,-1.0
focused_but_impulsive:5,focused_but_impulsive,5,17,8,1115,15.0,False,clickbait,False,DELAY,0.024,accepted,1.0
focused_but_impulsive:5,focused_but_impulsive,5,17,9,1273,15.0,False,social,False,DELAY,0.024,accepted,1.0
focused_but_impulsive:5,focused_but_impulsive,5,19,7,1325,15.0,False,career,True,SOFT_WARNING,0.024,ignored,-0.2
focused_but_impulsive:6,focused_but_impulsive,6,6,7,1189,20.0,False,career,True,MINDFUL_PROMPT,0.024,ignored,-0.2
focused_but_impulsive:6,focused_but_impulsive,6,7,3,767,15.0,False,short_form_video,False,MINDFUL_PROMPT,0.024,ignored,-0.2
focused_but_impulsive:6,focused_but_impulsive,6,9,1,546,20.0,False,entertainment,False,DELAY,0.024,accepted,1.0
focused_but_impulsive:6,focused_but_impulsive,6,10,0,576,15.0,False,short_form_video,False,LIMITED_ACCESS,0.024,accepted,1.0
focused_but_impulsive:6,focused_but_impulsive,6,10,5,979,20.0,False,social,False,DELAY,0.024,accepted,1.0
focused_but_impulsive:6,focused_but_impulsive,6,11,3,699,20.0,False,short_form_video,False,SOFT_WARNING,0.024,ignored,-0.2
focused_but_impulsive:6,focused_but_impulsive,6,11,6,1023,15.0,False,entertainment,False,REQUEST_CONFIRMATION,0.024,accepted,1.0
focused_but_impulsive:6,focused_but_impulsive,6,16,15,1303,30.0,False,clickbait,False,SOFT_WARNING,0.024,ignored,-0.2
focused_but_impulsive:6,focused_but_impulsive,6,19,1,567,35.0,False,education,True,SOFT_WARNING,0.024,ignored,-0.2
focused_but_impulsive:6,focused_but_impulsive,6,19,2,703,15.0,False,short_form_video,False,REQUEST_CONFIRMATION,0.024,ignored,-0.2
focused_but_impulsive:6,focused_but_impulsive,6,20,0,508,20.0,False,career,True,LIMITED_ACCESS,0.024,overridden,-1.0
focused_but_impulsive:7,focused_but_impulsive,7,0,13,1388,25.0,False,education,True,SOFT_WARNING,0.024,ignored,-0.2
focused_but_impulsive:7,focused_but_impulsive,7,1,3,555,15.0,True,short_form_video,False,SOFT_WARNING,0.024,ignored,-0.2
focused_but_impulsive:7,focused_but_impulsive,7,1,8,1245,20.0,False,short_form_video,False,SOFT_WARNING,0.024,ignored,-0.2
focused_but_impulsive:7,focused_but_impulsive,7,5,0,497,15.0,False,entertainment,False,MINDFUL_PROMPT,0.024,accepted,1.0
focused_but_impulsive:7,focused_but_impulsive,7,5,1,507,15.0,False,short_form_video,False,MINDFUL_PROMPT,0.024,ignored,-0.2
focused_but_impulsive:7,focused_but_impulsive,7,6,2,780,25.0,False,education,True,DELAY,0.024,accepted,1.0
focused_but_impulsive:7,focused_but_impulsive,7,6,7,1205,20.0,False,short_form_video,False,SOFT_WARNING,0.024,ignored,-0.2
focused_but_impulsive:7,focused_but_impulsive,7,8,3,765,35.0,False,short_form_video,False,DELAY,0.024,accepted,1.0
focused_but_impulsive:7,focused_but_impulsive,7,9,4,893,40.0,False,entertainment,False,MINDFUL_PROMPT,0.024,ignored,-0.2
focused_but_impulsive:7,focused_but_impulsive,7,9,5,965,15.0,False,career,True,LIMITED_ACCESS,0.024,accepted,1.0
focused_but_impulsive:7,focused_but_impulsive,7,9,7,1052,30.0,False,short_form_video,False,LIMITED_ACCESS,0.024,accepted,1.0
focused_but_impulsive:7,focused_but_impulsive,7,9,8,1166,20.0,False,education,True,LIMITED_ACCESS,0.024,accepted,1.0
focused_but_impulsive:7,focused_but_impulsive,7,11,7,1017,15.0,False,education,True,LIMITED_ACCESS,0.024,accepted,1.0
focused_but_impulsive:7,focused_but_impulsive,7,13,8,955,15.0,False,education,True,DELAY,0.024,overridden,-1.0
focused_but_impulsive:7,focused_but_impulsive,7,14,1,558,15.0,True,short_form_video,False,LIMITED_ACCESS,0.024,accepted,1.0
focused_but_impulsive:7,focused_but_impulsive,7,14,8,1089,25.0,False,entertainment,False,DELAY,0.024,accepted,1.0
focused_but_impulsive:7,focused_but_impulsive,7,15,3,919,15.0,True,clickbait,False,LIMITED_ACCESS,0.024,accepted,1.0
focused_but_impulsive:7,focused_but_impulsive,7,15,4,992,15.0,False,education,True,DELAY,0.024,overridden,-1.0
focused_but_impulsive:7,focused_but_impulsive,7,18,10,60,35.0,False,short_form_video,False,SOFT_WARNING,0.024,ignored,-0.2
focused_but_impulsive:7,focused_but_impulsive,7,19,3,625,15.0,False,education,True,SOFT_WARNING,0.024,ignored,-0.2
focused_but_impulsive:7,focused_but_impulsive,7,19,5,839,20.0,False,entertainment,False,LIMITED_ACCESS,0.024,accepted,1.0
focused_but_impulsive:7,focused_but_impulsive,7,20,5,1039,15.0,False,education,True,REQUEST_CONFIRMATION,0.024,ignored,-0.2
reactant_scroller:0,reactant_scroller,0,1,2,584,15.0,False,education,True,SOFT_WARNING,0.024,ignored,-0.2
reactant_scroller:0,reactant_scroller,0,2,0,479,15.0,False,social,False,SOFT_WARNING,0.024,ignored,-0.2
reactant_scroller:0,reactant_scroller,0,2,3,848,15.0,False,entertainment,False,DELAY,0.024,accepted,1.0
reactant_scroller:0,reactant_scroller,0,2,9,1066,25.0,False,social,False,DELAY,0.024,overridden,-1.0
reactant_scroller:0,reactant_scroller,0,4,1,843,15.0,False,social,False,REQUEST_CONFIRMATION,0.024,accepted,1.0
reactant_scroller:0,reactant_scroller,0,4,7,20,15.0,False,gaming,False,MINDFUL_PROMPT,0.024,accepted,1.0
reactant_scroller:0,reactant_scroller,0,5,10,1190,20.0,False,short_form_video,False,REQUEST_CONFIRMATION,0.024,ignored,-0.2
reactant_scroller:0,reactant_scroller,0,5,13,1424,15.0,False,entertainment,False,DELAY,0.024,accepted,1.0
reactant_scroller:0,reactant_scroller,0,6,4,827,20.0,False,clickbait,False,SOFT_WARNING,0.024,ignored,-0.2
reactant_scroller:0,reactant_scroller,0,8,2,817,20.0,False,entertainment,False,LIMITED_ACCESS,0.024,overridden,-1.0
reactant_scroller:0,reactant_scroller,0,8,6,1002,40.0,False,clickbait,False,SOFT_WARNING,0.024,ignored,-0.2
reactant_scroller:0,reactant_scroller,0,8,13,1338,15.0,False,education,True,MINDFUL_PROMPT,0.024,ignored,-0.2
reactant_scroller:0,reactant_scroller,0,9,5,1008,20.0,False,gaming,False,SOFT_WARNING,0.024,ignored,-0.2
reactant_scroller:0,reactant_scroller,0,10,1,579,15.0,False,short_form_video,False,MINDFUL_PROMPT,0.024,accepted,1.0
reactant_scroller:0,reactant_scroller,0,11,5,31,15.0,False,social,False,DELAY,0.024,overridden,-1.0
reactant_scroller:0,reactant_scroller,0,13,5,969,30.0,False,social,False,REQUEST_CONFIRMATION,0.024,ignored,-0.2
reactant_scroller:0,reactant_scroller,0,13,6,1134,40.0,False,clickbait,False,SOFT_WARNING,0.024,ignored,-0.2
reactant_scroller:0,reactant_scroller,0,13,12,1350,15.0,False,short_form_video,False,MINDFUL_PROMPT,0.024,accepted,1.0
reactant_scroller:0,reactant_scroller,0,14,9,1367,15.0,False,short_form_video,False,MINDFUL_PROMPT,0.024,ignored,-0.2
reactant_scroller:0,reactant_scroller,0,16,10,70,30.0,False,education,True,LIMITED_ACCESS,0.024,overridden,-1.0
reactant_scroller:0,reactant_scroller,0,17,10,18,20.0,False,short_form_video,False,DELAY,0.024,overridden,-1.0
reactant_scroller:0,reactant_scroller,0,17,9,50,15.0,False,gaming,False,DELAY,0.024,overridden,-1.0
reactant_scroller:0,reactant_scroller,0,18,5,998,40.0,False,entertainment,False,SOFT_WARNING,0.024,ignored,-0.2
reactant_scroller:0,reactant_scroller,0,19,8,1008,60.0,False,entertainment,False,LIMITED_ACCESS,0.024,overridden,-1.0
reactant_scroller:0,reactant_scroller,0,20,4,1070,15.0,False,short_form_video,False,LIMITED_ACCESS,0.024,overridden,-1.0
reactant_scroller:1,reactant_scroller,1,0,1,590,20.0,False,short_form_video,False,LIMITED_ACCESS,0.024,overridden,-1.0
reactant_scroller:1,reactant_scroller,1,0,5,1005,30.0,False,short_form_video,False,MINDFUL_PROMPT,0.024,accepted,1.0
reactant_scroller:1,reactant_scroller,1,0,11,1306,30.0,False,social,False,DELAY,0.024,accepted,1.0
reactant_scroller:1,reactant_scroller,1,1,5,996,20.0,False,gaming,False,DELAY,0.024,accepted,1.0
reactant_scroller:1,reactant_scroller,1,1,9,1317,30.0,False,short_form_video,False,LIMITED_ACCESS,0.024,accepted,1.0
reactant_scroller:1,reactant_scroller,1,3,3,717,15.0,False,entertainment,False,MINDFUL_PROMPT,0.024,ignored,-0.2
reactant_scroller:1,reactant_scroller,1,4,11,1286,15.0,False,education,True,REQUEST_CONFIRMATION,0.024,ignored,-0.2
reactant_scroller:1,reactant_scroller,1,4,15,1330,15.0,False,short_form_video,False,REQUEST_CONFIRMATION,0.024,accepted,1.0
reactant_scroller:1,reactant_scroller,1,7,4,1136,25.0,True,education,True,REQUEST_CONFIRMATION,0.024,ignored,-0.2
reactant_scroller:1,reactant_scroller,1,7,6,1198,20.0,False,short_form_video,False,REQUEST_CONFIRMATION,0.024,accepted,1.0
reactant_scroller:1,reactant_scroller,1,8,7,904,15.0,False,gaming,False,MINDFUL_PROMPT,0.024,accepted,1.0
reactant_scroller:1,reactant_scroller,1,9,10,1257,15.0,False,clickbait,False,REQUEST_CONFIRMATION,0.024,ignored,-0.2
reactant_scroller:1,reactant_scroller,1,10,9,1192,25.0,False,gaming,False,LIMITED_ACCESS,0.024,overridden,-1.0
reactant_scroller:1,reactant_scroller,1,12,3,756,15.0,False,entertainment,False,LIMITED_ACCESS,0.024,overridden,-1.0
reactant_scroller:1,reactant_scroller,1,12,7,1015,20.0,False,entertainment,False,MINDFUL_PROMPT,0.024,accepted,1.0
reactant_scroller:1,reactant_scroller,1,14,0,499,15.0,False,short_form_video,False,REQUEST_CONFIRMATION,0.024,ignored,-0.2
reactant_scroller:1,reactant_scroller,1,14,7,999,25.0,False,education,True,DELAY,0.024,overridden,-1.0
reactant_scroller:1,reactant_scroller,1,15,9,1327,25.0,False,short_form_video,False,DELAY,0.024,accepted,1.0
reactant_scroller:1,reactant_scroller,1,15,13,1406,20.0,False,gaming,False,SOFT_WARNING,0.024,ignored,-0.2
reactant_scroller:1,reactant_scroller,1,16,0,481,15.0,False,entertainment,False,DELAY,0.024,accepted,1.0
reactant_scroller:1,reactant_scroller,1,16,1,576,30.0,False,clickbait,False,REQUEST_CONFIRMATION,0.024,accepted,1.0
reactant_scroller:1,reactant_scroller,1,16,9,1389,30.0,False,entertainment,False,LIMITED_ACCESS,0.024,overridden,-1.0
reactant_scroller:1,reactant_scroller,1,17,1,795,15.0,False,entertainment,False,SOFT_WARNING,0.024,ignored,-0.2
reactant_scroller:1,reactant_scroller,1,18,5,887,25.0,False,short_form_video,False,REQUEST_CONFIRMATION,0.024,ignored,-0.2
reactant_scroller:1,reactant_scroller,1,18,10,1237,15.0,False,entertainment,False,LIMITED_ACCESS,0.024,overridden,-1.0
reactant_scroller:1,reactant_scroller,1,19,3,904,15.0,False,short_form_video,False,SOFT_WARNING,0.024,accepted,1.0
reactant_scroller:1,reactant_scroller,1,20,0,649,15.0,False,short_form_video,False,DELAY,0.024,overridden,-1.0
reactant_scroller:2,reactant_scroller,2,0,2,568,20.0,False,entertainment,False,SOFT_WARNING,0.024,ignored,-0.2
reactant_scroller:2,reactant_scroller,2,0,11,1277,15.0,False,short_form_video,False,DELAY,0.024,overridden,-1.0
reactant_scroller:2,reactant_scroller,2,1,3,752,35.0,False,short_form_video,False,REQUEST_CONFIRMATION,0.024,ignored,-0.2
reactant_scroller:2,reactant_scroller,2,1,7,865,20.0,False,education,True,LIMITED_ACCESS,0.024,overridden,-1.0
reactant_scroller:2,reactant_scroller,2,2,11,1254,35.0,False,short_form_video,False,DELAY,0.024,overridden,-1.0
reactant_scroller:2,reactant_scroller,2,2,12,1302,15.0,False,social,False,DELAY,0.024,accepted,1.0
reactant_scroller:2,reactant_scroller,2,3,2,717,20.0,False,education,True,LIMITED_ACCESS,0.024,overridden,-1.0
reactant_scroller:2,reactant_scroller,2,4,2,673,15.0,False,education,True,REQUEST_CONFIRMATION,0.024,ignored,-0.2
reactant_scroller:2,reactant_scroller,2,5,3,962,15.0,False,entertainment,False,LIMITED_ACCESS,0.024,overridden,-1.0
reactant_scroller:2,reactant_scroller,2,5,4,1013,15.0,False,short_form_video,False,LIMITED_ACCESS,0.024,overridden,-1.0
reactant_scroller:2,reactant_scroller,2,6,6,1139,35.0,False,short_form_video,False,LIMITED_ACCESS,0.024,overridden,-1.0
reactant_scroller:2,reactant_scroller,2,6,8,1350,40.0,False,short_form_video,False,REQUEST_CONFIRMATION,0.024,ignored,-0.2
reactant_scroller:2,reactant_scroller,2,8,8,1126,45.0,True,clickbait,False,SOFT_WARNING,0.024,ignored,-0.2
reactant_scroller:2,reactant_scroller,2,9,9,939,15.0,False,education,True,REQUEST_CONFIRMATION,0.024,ignored,-0.2
reactant_scroller:2,reactant_scroller,2,10,1,643,20.0,False,social,False,REQUEST_CONFIRMATION,0.024,ignored,-0.2
reactant_scroller:2,reactant_scroller,2,10,3,895,45.0,False,short_form_video,False,MINDFUL_PROMPT,0.024,ignored,-0.2
reactant_scroller:2,reactant_scroller,2,14,6,949,30.0,False,education,True,DELAY,0.024,overridden,-1.0
reactant_scroller:2,reactant_scroller,2,14,12,1340,30.0,False,clickbait,False,LIMITED_ACCESS,0.024,accepted,1.0
reactant_scroller:2,reactant_scroller,2,14,14,1363,20.0,False,short_form_video,False,DELAY,0.024,accepted,1.0
reactant_scroller:2,reactant_scroller,2,14,19,48,25.0,False,clickbait,False,MINDFUL_PROMPT,0.024,ignored,-0.2
reactant_scroller:2,reactant_scroller,2,15,4,1168,15.0,False,entertainment,False,SOFT_WARNING,0.024,ignored,-0.2
reactant_scroller:2,reactant_scroller,2,15,5,1215,20.0,False,short_form_video,False,DELAY,0.024,overridden,-1.0
reactant_scroller:2,reactant_scroller,2,15,7,45,15.0,False,short_form_video,False,MINDFUL_PROMPT,0.024,ignored,-0.2
reactant_scroller:2,reactant_scroller,2,16,5,1389,25.0,False,short_form_video,False,SOFT_WARNING,0.024,ignored,-0.2
reactant_scroller:2,reactant_scroller,2,16,8,1405,15.0,False,clickbait,False,REQUEST_CONFIRMATION,0.024,ignored,-0.2
reactant_scroller:2,reactant_scroller,2,18,5,1091,20.0,False,gaming,False,SOFT_WARNING,0.024,ignored,-0.2
reactant_scroller:2,reactant_scroller,2,18,7,1194,20.0,False,gaming,False,REQUEST_CONFIRMATION,0.024,ignored,-0.2
reactant_scroller:2,reactant_scroller,2,18,12,50,60.0,False,entertainment,False,REQUEST_CONFIRMATION,0.024,accepted,1.0
reactant_scroller:2,reactant_scroller,2,19,3,749,15.0,False,entertainment,False,SOFT_WARNING,0.024,ignored,-0.2
reactant_scroller:2,reactant_scroller,2,20,0,736,35.0,False,education,True,DELAY,0.024,overridden,-1.0
reactant_scroller:3,reactant_scroller,3,0,0,704,25.0,False,short_form_video,False,REQUEST_CONFIRMATION,0.024,ignored,-0.2
reactant_scroller:3,reactant_scroller,3,0,1,837,15.0,False,education,True,MINDFUL_PROMPT,0.024,ignored,-0.2
reactant_scroller:3,reactant_scroller,3,2,17,1383,25.0,False,entertainment,False,SOFT_WARNING,0.024,ignored,-0.2
reactant_scroller:3,reactant_scroller,3,3,0,582,15.0,False,short_form_video,False,DELAY,0.024,accepted,1.0
reactant_scroller:3,reactant_scroller,3,3,2,821,20.0,False,entertainment,False,LIMITED_ACCESS,0.024,overridden,-1.0
reactant_scroller:3,reactant_scroller,3,4,0,685,15.0,False,education,True,SOFT_WARNING,0.024,ignored,-0.2
reactant_scroller:3,reactant_scroller,3,4,3,807,20.0,False,education,True,LIMITED_ACCESS,0.024,overridden,-1.0
reactant_scroller:3,reactant_scroller,3,4,2,838,15.0,False,gaming,False,LIMITED_ACCESS,0.024,overridden,-1.0
reactant_scroller:3,reactant_scroller,3,4,7,1196,15.0,False,education,True,SOFT_WARNING,0.024,ignored,-0.2
reactant_scroller:3,reactant_scroller,3,5,3,1100,35.0,False,clickbait,False,REQUEST_CONFIRMATION,0.024,ignored,-0.2
reactant_scroller:3,reactant_scroller,3,5,5,1329,20.0,False,short_form_video,False,DELAY,0.024,overridden,-1.0
reactant_scroller:3,reactant_scroller,3,5,6,1338,15.0,False,entertainment,False,DELAY,0.024,accepted,1.0
reactant_scroller:3,reactant_scroller,3,6,0,446,25.0,False,entertainment,False,DELAY,0.024,accepted,1.0
reactant_scroller:3,reactant_scroller,3,6,1,572,15.0,False,education,True,DELAY,0.024,overridden,-1.0
reactant_scroller:3,reactant_scroller,3,6,4,849,15.0,False,gaming,False,DELAY,0.024,accepted,1.0
reactant_scroller:3,reactant_scroller,3,7,1,642,35.0,False,short_form_video,False,MINDFUL_PROMPT,0.024,ignored,-0.2
reactant_scroller:3,reactant_scroller,3,7,2,699,15.0,False,education,True,MINDFUL_PROMPT,0.024,ignored,-0.2
reactant_scroller:3,reactant_scroller,3,8,10,1310,15.0,False,short_form_video,False,REQUEST_CONFIRMATION,0.024,ignored,-0.2
reactant_scroller:3,reactant_scroller,3,9,6,1357,25.0,False,entertainment,False,DELAY,0.024,accepted,1.0
reactant_scroller:3,reactant_scroller,3,10,8,1354,35.0,False,clickbait,False,MINDFUL_PROMPT,0.024,ignored,-0.2
reactant_scroller:3,reactant_scroller,3,12,4,731,35.0,False,career,True,DELAY,0.024,overridden,-1.0
reactant_scroller:3,reactant_scroller,3,12,6,1171,15.0,False,short_form_video,False,MINDFUL_PROMPT,0.024,accepted,1.0
reactant_scroller:3,reactant_scroller,3,13,0,484,25.0,False,entertainment,False,MINDFUL_PROMPT,0.024,ignored,-0.2
reactant_scroller:3,reactant_scroller,3,13,5,868,55.0,False,clickbait,False,DELAY,0.024,accepted,1.0
reactant_scroller:3,reactant_scroller,3,14,1,926,15.0,False,career,True,SOFT_WARNING,0.024,ignored,-0.2
reactant_scroller:3,reactant_scroller,3,14,3,1139,35.0,True,social,False,DELAY,0.024,overridden,-1.0
reactant_scroller:3,reactant_scroller,3,15,1,495,15.0,False,short_form_video,False,REQUEST_CONFIRMATION,0.024,ignored,-0.2
reactant_scroller:3,reactant_scroller,3,15,8,1404,75.0,False,short_form_video,False,LIMITED_ACCESS,0.024,overridden,-1.0
reactant_scroller:3,reactant_scroller,3,17,3,1083,15.0,False,entertainment,False,MINDFUL_PROMPT,0.024,accepted,1.0
reactant_scroller:3,reactant_scroller,3,17,9,1424,20.0,False,short_form_video,False,MINDFUL_PROMPT,0.024,ignored,-0.2
reactant_scroller:3,reactant_scroller,3,17,10,34,20.0,False,social,False,SOFT_WARNING,0.024,accepted,1.0
reactant_scroller:3,reactant_scroller,3,19,3,998,25.0,False,education,True,SOFT_WARNING,0.024,ignored,-0.2
reactant_scroller:3,reactant_scroller,3,19,8,1367,15.0,False,social,False,MINDFUL_PROMPT,0.024,accepted,1.0
reactant_scroller:3,reactant_scroller,3,20,2,741,15.0,False,social,False,MINDFUL_PROMPT,0.024,accepted,1.0
reactant_scroller:3,reactant_scroller,3,20,4,880,25.0,False,short_form_video,False,SOFT_WARNING,0.024,ignored,-0.2
reactant_scroller:4,reactant_scroller,4,0,7,1125,30.0,True,short_form_video,False,MINDFUL_PROMPT,0.024,ignored,-0.2
reactant_scroller:4,reactant_scroller,4,2,4,923,15.0,False,entertainment,False,DELAY,0.024,overridden,-1.0
reactant_scroller:4,reactant_scroller,4,3,4,837,25.0,False,short_form_video,False,REQUEST_CONFIRMATION,0.024,ignored,-0.2
reactant_scroller:4,reactant_scroller,4,4,1,780,20.0,False,social,False,DELAY,0.024,overridden,-1.0
reactant_scroller:4,reactant_scroller,4,4,3,799,15.0,False,entertainment,False,LIMITED_ACCESS,0.024,overridden,-1.0
reactant_scroller:4,reactant_scroller,4,5,4,1236,20.0,False,short_form_video,False,LIMITED_ACCESS,0.024,overridden,-1.0
reactant_scroller:4,reactant_scroller,4,5,5,1334,20.0,False,entertainment,False,MINDFUL_PROMPT,0.024,ignored,-0.2
reactant_scroller:4,reactant_scroller,4,6,7,1330,20.0,False,education,True,MINDFUL_PROMPT,0.024,ignored,-0.2
reactant_scroller:4,reactant_scroller,4,7,0,447,25.0,False,entertainment,False,SOFT_WARNING,0.024,ignored,-0.2
reactant_scroller:4,reactant_scroller,4,7,6,1080,15.0,False,career,True,LIMITED_ACCESS,0.024,overridden,-1.0
reactant_scroller:4,reactant_scroller,4,8,8,1168,20.0,False,short_form_video,False,SOFT_WARNING,0.024,ignored,-0.2
reactant_scroller:4,reactant_scroller,4,9,3,942,25.0,False,entertainment,False,REQUEST_CONFIRMATION,0.024,accepted,1.0
reactant_scroller:4,reactant_scroller,4,9,5,989,25.0,False,entertainment,False,LIMITED_ACCESS,0.024,overridden,-1.0
reactant_scroller:4,reactant_scroller,4,10,0,508,30.0,False,entertainment,False,SOFT_WARNING,0.024,ignored,-0.2
reactant_scroller:4,reactant_scroller,4,10,3,764,15.0,False,entertainment,False,SOFT_WARNING,0.024,ignored,-0.2
reactant_scroller:4,reactant_scroller,4,12,5,936,15.0,False,entertainment,False,LIMITED_ACCESS,0.024,overridden,-1.0
reactant_scroller:4,reactant_scroller,4,12,6,1189,20.0,False,education,True,LIMITED_ACCESS,0.024,overridden,-1.0
reactant_scroller:4,reactant_scroller,4,13,2,583,25.0,False,social,False,DELAY,0.024,overridden,-1.0
reactant_scroller:4,reactant_scroller,4,13,6,1191,25.0,False,short_form_video,False,SOFT_WARNING,0.024,ignored,-0.2
reactant_scroller:4,reactant_scroller,4,15,11,1404,15.0,False,short_form_video,False,DELAY,0.024,accepted,1.0
reactant_scroller:4,reactant_scroller,4,17,9,1339,30.0,False,education,True,MINDFUL_PROMPT,0.024,ignored,-0.2
reactant_scroller:4,reactant_scroller,4,17,12,37,25.0,False,entertainment,False,SOFT_WARNING,0.024,ignored,-0.2
reactant_scroller:4,reactant_scroller,4,18,7,1321,30.0,False,clickbait,False,REQUEST_CONFIRMATION,0.024,ignored,-0.2
reactant_scroller:4,reactant_scroller,4,19,9,1316,20.0,False,clickbait,False,DELAY,0.024,accepted,1.0
reactant_scroller:4,reactant_scroller,4,20,2,727,30.0,False,clickbait,False,SOFT_WARNING,0.024,ignored,-0.2
reactant_scroller:4,reactant_scroller,4,20,9,1270,15.0,False,gaming,False,DELAY,0.024,accepted,1.0
reactant_scroller:5,reactant_scroller,5,0,9,1234,40.0,False,entertainment,False,SOFT_WARNING,0.024,accepted,1.0
reactant_scroller:5,reactant_scroller,5,1,0,588,20.0,False,gaming,False,MINDFUL_PROMPT,0.024,accepted,1.0
reactant_scroller:5,reactant_scroller,5,1,4,683,15.0,False,short_form_video,False,LIMITED_ACCESS,0.024,overridden,-1.0
reactant_scroller:5,reactant_scroller,5,2,3,894,35.0,False,short_form_video,False,DELAY,0.024,accepted,1.0
reactant_scroller:5,reactant_scroller,5,2,11,5,25.0,False,short_form_video,False,SOFT_WARNING,0.024,ignored,-0.2
reactant_scroller:5,reactant_scroller,5,3,6,30,30.0,False,education,True,DELAY,0.024,overridden,-1.0
reactant_scroller:5,reactant_scroller,5,4,7,1309,20.0,False,entertainment,False,SOFT_WARNING,0.024,ignored,-0.2
reactant_scroller:5,reactant_scroller,5,5,0,500,15.0,False,gaming,False,DELAY,0.024,overridden,-1.0
reactant_scroller:5,reactant_scroller,5,6,4,732,20.0,False,clickbait,False,REQUEST_CONFIRMATION,0.024,ignored,-0.2
reactant_scroller:5,reactant_scroller,5,6,5,810,15.0,False,education,True,DELAY,0.024,overridden,-1.0
reactant_scroller:5,reactant_scroller,5,6,10,1356,30.0,False,social,False,SOFT_WARNING,0.024,accepted,1.0
reactant_scroller:5,reactant_scroller,5,8,9,1357,20.0,False,entertainment,False,LIMITED_ACCESS,0.024,overridden,-1.0
reactant_scroller:5,reactant_scroller,5,9,13,1382,45.0,False,entertainment,False,LIMITED_ACCESS,0.024,overridden,-1.0
reactant_scroller:5,reactant_scroller,5,10,0,634,30.0,False,short_form_video,False,MINDFUL_PROMPT,0.024,accepted,1.0
reactant_scroller:5,reactant_scroller,5,10,6,1000,15.0,False,social,False,REQUEST_CONFIRMATION,0.024,ignored,-0.2
reactant_scroller:5,reactant_scroller,5,11,5,1298,25.0,False,short_form_video,False,REQUEST_CONFIRMATION,0.024,accepted,1.0
reactant_scroller:5,reactant_scroller,5,11,6,1411,15.0,False,social,False,LIMITED_ACCESS,0.024,overridden,-1.0
reactant_scroller:5,reactant_scroller,5,12,0,487,15.0,False,short_form_video,False,MINDFUL_PROMPT,0.024,ignored,-0.2
reactant_scroller:5,reactant_scroller,5,12,3,492,15.0,False,short_form_video,False,SOFT_WARNING,0.024,ignored,-0.2
reactant_scroller:5,reactant_scroller,5,14,5,1210,15.0,False,education,True,DELAY,0.024,overridden,-1.0
reactant_scroller:5,reactant_scroller,5,15,4,1000,15.0,False,short_form_video,False,LIMITED_ACCESS,0.024,overridden,-1.0
reactant_scroller:5,reactant_scroller,5,16,2,587,20.0,False,clickbait,False,REQUEST_CONFIRMATION,0.024,ignored,-0.2
reactant_scroller:5,reactant_scroller,5,17,1,818,25.0,False,entertainment,False,LIMITED_ACCESS,0.024,overridden,-1.0
reactant_scroller:5,reactant_scroller,5,17,2,1013,15.0,False,clickbait,False,DELAY,0.024,accepted,1.0
reactant_scroller:5,reactant_scroller,5,17,4,1066,15.0,False,short_form_video,False,DELAY,0.024,overridden,-1.0
reactant_scroller:5,reactant_scroller,5,18,3,848,15.0,False,career,True,DELAY,0.024,overridden,-1.0
reactant_scroller:5,reactant_scroller,5,19,3,839,20.0,False,clickbait,False,SOFT_WARNING,0.024,accepted,1.0
reactant_scroller:6,reactant_scroller,6,0,10,1378,20.0,False,education,True,LIMITED_ACCESS,0.024,accepted,1.0
reactant_scroller:6,reactant_scroller,6,1,4,1372,15.0,False,clickbait,False,REQUEST_CONFIRMATION,0.024,ignored,-0.2
reactant_scroller:6,reactant_scroller,6,3,10,1374,25.0,False,career,True,SOFT_WARNING,0.024,ignored,-0.2
reactant_scroller:6,reactant_scroller,6,5,5,954,30.0,False,education,True,DELAY,0.024,accepted,1.0
reactant_scroller:6,reactant_scroller,6,6,3,1024,15.0,False,education,True,MINDFUL_PROMPT,0.024,ignored,-0.2
reactant_scroller:6,reactant_scroller,6,7,1,701,15.0,False,short_form_video,False,MINDFUL_PROMPT,0.024,accepted,1.0
reactant_scroller:6,reactant_scroller,6,7,8,40,30.0,False,clickbait,False,REQUEST_CONFIRMATION,0.024,accepted,1.0
reactant_scroller:6,reactant_scroller,6,9,1,558,20.0,False,short_form_video,False,DELAY,0.024,accepted,1.0
reactant_scroller:6,reactant_scroller,6,10,0,842,15.0,False,career,True,LIMITED_ACCESS,0.024,overridden,-1.0
reactant_scroller:6,reactant_scroller,6,11,3,969,20.0,False,social,False,SOFT_WARNING,0.024,ignored,-0.2
reactant_scroller:6,reactant_scroller,6,11,4,992,15.0,False,short_form_video,False,REQUEST_CONFIRMATION,0.024,accepted,1.0
reactant_scroller:6,reactant_scroller,6,13,11,1420,25.0,False,entertainment,False,LIMITED_ACCESS,0.024,overridden,-1.0
reactant_scroller:6,reactant_scroller,6,16,6,901,15.0,False,short_form_video,False,SOFT_WARNING,0.024,ignored,-0.2
reactant_scroller:6,reactant_scroller,6,19,1,867,35.0,False,short_form_video,False,SOFT_WARNING,0.024,ignored,-0.2
reactant_scroller:6,reactant_scroller,6,19,2,1325,15.0,False,short_form_video,False,REQUEST_CONFIRMATION,0.024,ignored,-0.2
reactant_scroller:6,reactant_scroller,6,20,0,578,30.0,False,career,True,LIMITED_ACCESS,0.024,accepted,1.0
reactant_scroller:6,reactant_scroller,6,20,12,1377,20.0,False,entertainment,False,LIMITED_ACCESS,0.024,accepted,1.0
reactant_scroller:7,reactant_scroller,7,1,0,532,20.0,False,education,True,SOFT_WARNING,0.024,ignored,-0.2
reactant_scroller:7,reactant_scroller,7,1,6,34,20.0,False,entertainment,False,SOFT_WARNING,0.024,ignored,-0.2
reactant_scroller:7,reactant_scroller,7,5,0,497,15.0,False,entertainment,False,MINDFUL_PROMPT,0.024,accepted,1.0
reactant_scroller:7,reactant_scroller,7,5,1,507,15.0,False,short_form_video,False,MINDFUL_PROMPT,0.024,ignored,-0.2
reactant_scroller:7,reactant_scroller,7,6,2,1194,15.0,False,entertainment,False,DELAY,0.024,accepted,1.0
reactant_scroller:7,reactant_scroller,7,6,7,1311,20.0,False,clickbait,False,SOFT_WARNING,0.024,ignored,-0.2
reactant_scroller:7,reactant_scroller,7,8,3,805,15.0,False,short_form_video,False,DELAY,0.024,accepted,1.0
reactant_scroller:7,reactant_scroller,7,8,11,1423,25.0,False,short_form_video,False,SOFT_WARNING,0.024,ignored,-0.2
reactant_scroller:7,reactant_scroller,7,9,4,833,20.0,False,short_form_video,False,MINDFUL_PROMPT,0.024,accepted,1.0
reactant_scroller:7,reactant_scroller,7,9,5,938,15.0,False,education,True,LIMITED_ACCESS,0.024,overridden,-1.0
reactant_scroller:7,reactant_scroller,7,9,7,1296,30.0,False,short_form_video,False,LIMITED_ACCESS,0.024,overridden,-1.0
reactant_scroller:7,reactant_scroller,7,9,8,32,20.0,False,short_form_video,False,LIMITED_ACCESS,0.024,overridden,-1.0
reactant_scroller:7,reactant_scroller,7,10,11,28,15.0,False,career,True,MINDFUL_PROMPT,0.024,ignored,-0.2
reactant_scroller:7,reactant_scroller,7,12,4,1308,20.0,False,education,True,REQUEST_CONFIRMATION,0.024,accepted,1.0
reactant_scroller:7,reactant_scroller,7,13,8,1275,15.0,False,clickbait,False,DELAY,0.024,overridden,-1.0
reactant_scroller:7,reactant_scroller,7,14,1,566,15.0,False,social,False,LIMITED_ACCESS,0.024,overridden,-1.0
reactant_scroller:7,reactant_scroller,7,14,8,1237,15.0,False,short_form_video,False,DELAY,0.024,overridden,-1.0
reactant_scroller:7,reactant_scroller,7,15,3,1181,25.0,False,career,True,LIMITED_ACCESS,0.024,overridden,-1.0
reactant_scroller:7,reactant_scroller,7,15,2,1188,15.0,False,short_form_video,False,DELAY,0.024,overridden,-1.0
reactant_scroller:7,reactant_scroller,7,18,1,731,40.0,False,clickbait,False,SOFT_WARNING,0.024,ignored,-0.2
reactant_scroller:7,reactant_scroller,7,18,6,1030,15.0,False,short_form_video,False,DELAY,0.024,overridden,-1.0
reactant_scroller:7,reactant_scroller,7,19,3,745,15.0,False,education,True,SOFT_WARNING,0.024,ignored,-0.2
reactant_scroller:7,reactant_scroller,7,19,4,935,25.0,False,education,True,LIMITED_ACCESS,0.024,overridden,-1.0
reactant_scroller:7,reactant_scroller,7,20,5,1385,15.0,False,clickbait,False,REQUEST_CONFIRMATION,0.024,ignored,-0.2
compliant_planner:0,compliant_planner,0,2,0,597,15.0,False,entertainment,False,SOFT_WARNING,0.024,ignored,-0.2
compliant_planner:0,compliant_planner,0,2,3,748,15.0,False,education,True,DELAY,0.024,accepted,1.0
compliant_planner:0,compliant_planner,0,4,3,1215,15.0,False,short_form_video,False,REQUEST_CONFIRMATION,0.024,ignored,-0.2
compliant_planner:1,compliant_planner,1,0,1,965,20.0,True,short_form_video,False,LIMITED_ACCESS,0.024,accepted,1.0
compliant_planner:1,compliant_planner,1,12,3,958,15.0,False,social,False,LIMITED_ACCESS,0.024,accepted,1.0
compliant_planner:1,compliant_planner,1,14,5,986,15.0,True,education,True,REQUEST_CONFIRMATION,0.024,ignored,-0.2
compliant_planner:1,compliant_planner,1,16,0,804,15.0,False,clickbait,False,DELAY,0.024,accepted,1.0
compliant_planner:1,compliant_planner,1,17,1,782,15.0,False,career,True,SOFT_WARNING,0.024,ignored,-0.2
compliant_planner:1,compliant_planner,1,20,0,649,15.0,False,short_form_video,False,DELAY,0.024,overridden,-1.0
compliant_planner:2,compliant_planner,2,0,2,692,20.0,False,entertainment,False,SOFT_WARNING,0.024,ignored,-0.2
compliant_planner:2,compliant_planner,2,5,5,1352,20.0,False,gaming,False,LIMITED_ACCESS,0.024,accepted,1.0
compliant_planner:2,compliant_planner,2,10,1,607,20.0,False,education,True,REQUEST_CONFIRMATION,0.024,ignored,-0.2
compliant_planner:3,compliant_planner,3,0,1,1318,25.0,False,education,True,REQUEST_CONFIRMATION,0.024,ignored,-0.2
compliant_planner:3,compliant_planner,3,3,2,849,15.0,False,short_form_video,False,DELAY,0.024,accepted,1.0
compliant_planner:3,compliant_planner,3,4,2,750,15.0,False,entertainment,False,SOFT_WARNING,0.024,accepted,1.0
compliant_planner:3,compliant_planner,3,4,3,834,20.0,False,education,True,LIMITED_ACCESS,0.024,overridden,-1.0
compliant_planner:3,compliant_planner,3,6,0,446,25.0,False,entertainment,False,DELAY,0.024,accepted,1.0
compliant_planner:3,compliant_planner,3,6,4,789,15.0,False,education,True,DELAY,0.024,accepted,1.0
compliant_planner:3,compliant_planner,3,13,5,1133,20.0,False,short_form_video,False,MINDFUL_PROMPT,0.024,ignored,-0.2
compliant_planner:3,compliant_planner,3,14,1,740,15.0,False,short_form_video,False,SOFT_WARNING,0.024,ignored,-0.2
compliant_planner:3,compliant_planner,3,14,5,1024,15.0,True,education,True,DELAY,0.024,overridden,-1.0
compliant_planner:3,compliant_planner,3,20,2,1254,15.0,False,entertainment,False,MINDFUL_PROMPT,0.024,ignored,-0.2
compliant_planner:4,compliant_planner,4,5,4,1236,20.0,False,short_form_video,False,LIMITED_ACCESS,0.024,overridden,-1.0
compliant_planner:4,compliant_planner,4,8,12,1239,15.0,False,education,True,SOFT_WARNING,0.024,ignored,-0.2
compliant_planner:4,compliant_planner,4,13,2,632,25.0,False,social,False,DELAY,0.024,accepted,1.0
compliant_planner:4,compliant_planner,4,20,4,785,25.0,False,career,True,SOFT_WARNING,0.024,accepted,1.0
compliant_planner:5,compliant_planner,5,1,3,505,20.0,False,education,True,MINDFUL_PROMPT,0.024,ignored,-0.2
compliant_planner:5,compliant_planner,5,1,8,1370,30.0,False,short_form_video,False,LIMITED_ACCESS,0.024,accepted,1.0
compliant_planner:5,compliant_planner,5,5,3,1053,15.0,False,gaming,False,DELAY,0.024,accepted,1.0
compliant_planner:5,compliant_planner,5,12,1,616,20.0,False,social,False,MINDFUL_PROMPT,0.024,ignored,-0.2
compliant_planner:5,compliant_planner,5,12,3,1154,15.0,False,career,True,SOFT_WARNING,0.024,ignored,-0.2
compliant_planner:5,compliant_planner,5,16,2,605,30.0,True,social,False,REQUEST_CONFIRMATION,0.024,ignored,-0.2
compliant_planner:5,compliant_planner,5,17,4,1170,15.0,False,education,True,LIMITED_ACCESS,0.024,overridden,-1.0
compliant_planner:6,compliant_planner,6,7,3,1336,15.0,False,entertainment,False,MINDFUL_PROMPT,0.024,ignored,-0.2
compliant_planner:6,compliant_planner,6,9,1,672,20.0,True,career,True,DELAY,0.024,accepted,1.0
compliant_planner:6,compliant_planner,6,10,0,696,15.0,False,social,False,LIMITED_ACCESS,0.024,accepted,1.0
compliant_planner:6,compliant_planner,6,11,1,1247,15.0,False,career,True,SOFT_WARNING,0.024,accepted,1.0
compliant_planner:6,compliant_planner,6,19,1,567,35.0,False,education,True,SOFT_WARNING,0.024,ignored,-0.2
compliant_planner:6,compliant_planner,6,19,2,703,15.0,False,education,True,REQUEST_CONFIRMATION,0.024,ignored,-0.2
compliant_planner:7,compliant_planner,7,5,0,510,15.0,False,social,False,MINDFUL_PROMPT,0.024,accepted,1.0
compliant_planner:7,compliant_planner,7,5,4,58,15.0,False,short_form_video,False,MINDFUL_PROMPT,0.024,ignored,-0.2
compliant_planner:7,compliant_planner,7,6,2,1123,25.0,False,education,True,DELAY,0.024,accepted,1.0
compliant_planner:7,compliant_planner,7,9,4,1316,40.0,False,short_form_video,False,MINDFUL_PROMPT,0.024,ignored,-0.2
compliant_planner:7,compliant_planner,7,14,1,738,15.0,False,social,False,LIMITED_ACCESS,0.024,accepted,1.0
compliant_planner:7,compliant_planner,7,15,3,1053,25.0,False,career,True,LIMITED_ACCESS,0.024,overridden,-1.0
compliant_planner:7,compliant_planner,7,15,2,1068,15.0,False,clickbait,False,DELAY,0.024,accepted,1.0
compliant_planner:7,compliant_planner,7,19,3,1300,15.0,False,career,True,SOFT_WARNING,0.024,ignored,-0.2
compliant_planner:7,compliant_planner,7,19,4,48,25.0,False,education,True,LIMITED_ACCESS,0.024,overridden,-1.0
binge_watcher:0,binge_watcher,0,0,3,1016,20.0,False,short_form_video,False,REQUEST_CONFIRMATION,0.024,ignored,-0.2
binge_watcher:0,binge_watcher,0,0,4,1222,15.0,False,short_form_video,False,REQUEST_CONFIRMATION,0.024,ignored,-0.2
binge_watcher:0,binge_watcher,0,1,2,664,15.0,False,clickbait,False,SOFT_WARNING,0.024,ignored,-0.2
binge_watcher:0,binge_watcher,0,2,0,479,15.0,False,social,False,SOFT_WARNING,0.024,ignored,-0.2
binge_watcher:0,binge_watcher,0,2,3,955,15.0,False,entertainment,False,DELAY,0.024,accepted,1.0
binge_watcher:0,binge_watcher,0,2,7,1245,30.0,False,clickbait,False,DELAY,0.024,accepted,1.0
binge_watcher:0,binge_watcher,0,4,3,851,15.0,False,short_form_video,False,REQUEST_CONFIRMATION,0.024,ignored,-0.2
binge_watcher:0,binge_watcher,0,4,5,1223,15.0,False,short_form_video,False,MINDFUL_PROMPT,0.024,ignored,-0.2
binge_watcher:0,binge_watcher,0,5,4,747,30.0,False,education,True,REQUEST_CONFIRMATION,0.024,ignored,-0.2
binge_watcher:0,binge_watcher,0,5,5,909,15.0,False,entertainment,False,DELAY,0.024,accepted,1.0
binge_watcher:0,binge_watcher,0,6,2,759,20.0,False,career,True,SOFT_WARNING,0.024,ignored,-0.2
binge_watcher:0,binge_watcher,0,6,7,1127,25.0,False,short_form_video,False,MINDFUL_PROMPT,0.024,ignored,-0.2
binge_watcher:0,binge_watcher,0,8,1,529,35.0,False,short_form_video,False,LIMITED_ACCESS,0.024,accepted,1.0
binge_watcher:0,binge_watcher,0,8,2,812,15.0,False,social,False,SOFT_WARNING,0.024,ignored,-0.2
binge_watcher:0,binge_watcher,0,8,6,1143,50.0,False,social,False,MINDFUL_PROMPT,0.024,ignored,-0.2
binge_watcher:0,binge_watcher,0,9,4,47,15.0,False,entertainment,False,SOFT_WARNING,0.024,accepted,1.0
binge_watcher:0,binge_watcher,0,10,0,561,45.0,False,short_form_video,False,MINDFUL_PROMPT,0.024,ignored,-0.2
binge_watcher:0,binge_watcher,0,10,2,1204,15.0,False,entertainment,False,REQUEST_CONFIRMATION,0.024,ignored,-0.2
binge_watcher:0,binge_watcher,0,11,5,1291,15.0,False,social,False,DELAY,0.024,overridden,-1.0
binge_watcher:0,binge_watcher,0,11,6,18,30.0,False,entertainment,False,MINDFUL_PROMPT,0.024,accepted,1.0
binge_watcher:0,binge_watcher,0,12,3,1321,20.0,False,social,False,SOFT_WARNING,0.024,ignored,-0.2
binge_watcher:0,binge_watcher,0,12,4,1385,55.0,False,career,True,REQUEST_CONFIRMATION,0.024,ignored,-0.2
binge_watcher:0,binge_watcher,0,14,2,874,15.0,False,gaming,False,MINDFUL_PROMPT,0.024,ignored,-0.2
binge_watcher:0,binge_watcher,0,16,7,1212,55.0,False,education,True,LIMITED_ACCESS,0.024,overridden,-1.0
binge_watcher:0,binge_watcher,0,16,9,28,25.0,False,social,False,SOFT_WARNING,0.024,ignored,-0.2
binge_watcher:0,binge_watcher,0,17,0,623,40.0,False,short_form_video,False,DELAY,0.024,accepted,1.0
binge_watcher:0,binge_watcher,0,17,2,670,15.0,False,entertainment,False,DELAY,0.024,accepted,1.0
binge_watcher:0,binge_watcher,0,17,5,1182,15.0,False,short_form_video,False,SOFT_WARNING,0.024,ignored,-0.2
binge_watcher:0,binge_watcher,0,18,3,1100,30.0,False,entertainment,False,SOFT_WARNING,0.024,ignored,-0.2
binge_watcher:0,binge_watcher,0,20,0,642,35.0,False,entertainment,False,LIMITED_ACCESS,0.024,accepted,1.0
binge_watcher:1,binge_watcher,1,0,1,590,20.0,False,short_form_video,False,LIMITED_ACCESS,0.024,accepted,1.0
binge_watcher:1,binge_watcher,1,0,5,1314,25.0,False,entertainment,False,MINDFUL_PROMPT,0.024,ignored,-0.2
binge_watcher:1,binge_watcher,1,0,8,74,30.0,False,short_form_video,False,DELAY,0.024,accepted,1.0
binge_watcher:1,binge_watcher,1,1,5,1185,20.0,False,short_form_video,False,DELAY,0.024,accepted,1.0
binge_watcher:1,binge_watcher,1,1,9,1250,30.0,False,short_form_video,False,LIMITED_ACCESS,0.024,accepted,1.0
binge_watcher:1,binge_watcher,1,3,2,845,15.0,False,entertainment,False,MINDFUL_PROMPT,0.024,ignored,-0.2
binge_watcher:1,binge_watcher,1,6,10,1329,60.0,False,education,True,MINDFUL_PROMPT,0.024,accepted,1.0
binge_watcher:1,binge_watcher,1,7,4,1347,25.0,False,short_form_video,False,REQUEST_CONFIRMATION,0.024,ignored,-0.2
binge_watcher:1,binge_watcher,1,7,5,1433,20.0,False,gaming,False,REQUEST_CONFIRMATION,0.024,ignored,-0.2
binge_watcher:1,binge_watcher,1,10,1,479,40.0,False,entertainment,False,LIMITED_ACCESS,0.024,accepted,1.0
binge_watcher:1,binge_watcher,1,12,1,715,15.0,False,entertainment,False,LIMITED_ACCESS,0.024,accepted,1.0
binge_watcher:1,binge_watcher,1,12,4,860,15.0,False,short_form_video,False,MINDFUL_PROMPT,0.024,ignored,-0.2
binge_watcher:1,binge_watcher,1,13,7,1061,15.0,False,short_form_video,False,REQUEST_CONFIRMATION,0.024,ignored,-0.2
binge_watcher:1,binge_watcher,1,14,0,499,15.0,False,short_form_video,False,REQUEST_CONFIRMATION,0.024,ignored,-0.2
binge_watcher:1,binge_watcher,1,16,0,481,15.0,False,entertainment,False,DELAY,0.024,accepted,1.0
binge_watcher:1,binge_watcher,1,16,1,576,30.0,False,clickbait,False,REQUEST_CONFIRMATION,0.024,accepted,1.0
binge_watcher:1,binge_watcher,1,16,11,1290,15.0,False,short_form_video,False,LIMITED_ACCESS,0.024,accepted,1.0
binge_watcher:1,binge_watcher,1,16,14,1402,15.0,False,short_form_video,False,SOFT_WARNING,0.024,ignored,-0.2
binge_watcher:1,binge_watcher,1,17,1,800,15.0,False,entertainment,False,SOFT_WARNING,0.024,ignored,-0.2
binge_watcher:1,binge_watcher,1,17,4,42,15.0,False,short_form_video,False,MINDFUL_PROMPT,0.024,ignored,-0.2
binge_watcher:1,binge_watcher,1,18,5,1157,25.0,False,entertainment,False,REQUEST_CONFIRMATION,0.024,ignored,-0.2
binge_watcher:1,binge_watcher,1,18,9,1368,25.0,False,gaming,False,LIMITED_ACCESS,0.024,accepted,1.0
binge_watcher:1,binge_watcher,1,19,3,1030,15.0,False,short_form_video,False,SOFT_WARNING,0.024,accepted,1.0
binge_watcher:1,binge_watcher,1,20,0,649,15.0,False,short_form_video,False,DELAY,0.024,overridden,-1.0
binge_watcher:2,binge_watcher,2,0,2,563,15.0,False,entertainment,False,SOFT_WARNING,0.024,ignored,-0.2
binge_watcher:2,binge_watcher,2,0,8,1272,25.0,False,short_form_video,False,DELAY,0.024,accepted,1.0
binge_watcher:2,binge_watcher,2,1,3,868,25.0,False,social,False,REQUEST_CONFIRMATION,0.024,ignored,-0.2
binge_watcher:2,binge_watcher,2,1,7,1224,20.0,False,short_form_video,False,LIMITED_ACCESS,0.024,accepted,1.0
binge_watcher:2,binge_watcher,2,2,9,1259,40.0,False,social,False,DELAY,0.024,accepted,1.0
binge_watcher:2,binge_watcher,2,2,10,1293,15.0,False,entertainment,False,DELAY,0.024,overridden,-1.0
binge_watcher:2,binge_watcher,2,3,2,790,20.0,False,education,True,LIMITED_ACCESS,0.024,overridden,-1.0
binge_watcher:2,binge_watcher,2,4,1,515,15.0,False,entertainment,False,REQUEST_CONFIRMATION,0.024,accepted,1.0
binge_watcher:2,binge_watcher,2,5,3,954,15.0,False,social,False,LIMITED_ACCESS,0.024,accepted,1.0
binge_watcher:2,binge_watcher,2,5,4,1010,15.0,False,entertainment,False,LIMITED_ACCESS,0.024,overridden,-1.0
binge_watcher:2,binge_watcher,2,6,6,1251,35.0,False,entertainment,False,LIMITED_ACCESS,0.024,accepted,1.0
binge_watcher:2,binge_watcher,2,6,8,1433,30.0,False,short_form_video,False,REQUEST_CONFIRMATION,0.024,accepted,1.0
binge_watcher:2,binge_watcher,2,8,3,642,35.0,False,education,True,SOFT_WARNING,0.024,ignored,-0.2
binge_watcher:2,binge_watcher,2,9,2,1131,30.0,False,education,True,REQUEST_CONFIRMATION,0.024,ignored,-0.2
binge_watcher:2,binge_watcher,2,10,1,643,20.0,False,social,False,REQUEST_CONFIRMATION,0.024,ignored,-0.2
binge_watcher:2,binge_watcher,2,10,3,955,45.0,False,short_form_video,False,MINDFUL_PROMPT,0.024,ignored,-0.2
binge_watcher:2,binge_watcher,2,12,9,1410,30.0,False,entertainment,False,LIMITED_ACCESS,0.024,accepted,1.0
binge_watcher:2,binge_watcher,2,13,7,21,35.0,False,short_form_video,False,SOFT_WARNING,0.024,ignored,-0.2
binge_watcher:2,binge_watcher,2,14,6,889,15.0,False,social,False,DELAY,0.024,accepted,1.0
binge_watcher:2,binge_watcher,2,15,4,1188,15.0,False,entertainment,False,SOFT_WARNING,0.024,ignored,-0.2
binge_watcher:2,binge_watcher,2,15,5,1356,20.0,False,social,False,DELAY,0.024,accepted,1.0
binge_watcher:2,binge_watcher,2,15,7,26,15.0,False,entertainment,False,MINDFUL_PROMPT,0.024,ignored,-0.2
binge_watcher:2,binge_watcher,2,20,0,736,35.0,False,education,True,DELAY,0.024,overridden,-1.0
binge_watcher:2,binge_watcher,2,20,4,1384,15.0,False,entertainment,False,MINDFUL_PROMPT,0.024,ignored,-0.2
binge_watcher:3,binge_watcher,3,0,0,1304,25.0,False,short_form_video,False,REQUEST_CONFIRMATION,0.024,ignored,-0.2
binge_watcher:3,binge_watcher,3,0,1,1365,15.0,False,short_form_video,False,MINDFUL_PROMPT,0.024,ignored,-0.2
binge_watcher:3,binge_watcher,3,1,4,1428,15.0,False,entertainment,False,SOFT_WARNING,0.024,ignored,-0.2
binge_watcher:3,binge_watcher,3,2,7,1282,25.0,False,clickbait,False,SOFT_WARNING,0.024,ignored,-0.2
binge_watcher:3,binge_watcher,3,3,0,582,15.0,False,short_form_video,False,DELAY,0.024,accepted,1.0
binge_watcher:3,binge_watcher,3,3,2,821,20.0,False,entertainment,False,LIMITED_ACCESS,0.024,overridden,-1.0
binge_watcher:3,binge_watcher,3,4,0,685,15.0,False,education,True,SOFT_WARNING,0.024,ignored,-0.2
binge_watcher:3,binge_watcher,3,4,3,929,20.0,False,short_form_video,False,LIMITED_ACCESS,0.024,accepted,1.0
binge_watcher:3,binge_watcher,3,4,2,937,15.0,False,entertainment,False,LIMITED_ACCESS,0.024,accepted,1.0
binge_watcher:3,binge_watcher,3,4,6,1246,30.0,False,career,True,SOFT_WARNING,0.024,ignored,-0.2
binge_watcher:3,binge_watcher,3,5,3,988,30.0,False,social,False,REQUEST_CONFIRMATION,0.024,ignored,-0.2
binge_watcher:3,binge_watcher,3,5,2,1029,20.0,False,short_form_video,False,DELAY,0.024,accepted,1.0
binge_watcher:3,binge_watcher,3,5,5,1059,15.0,False,education,True,DELAY,0.024,overridden,-1.0
binge_watcher:3,binge_watcher,3,5,7,1302,20.0,False,social,False,DELAY,0.024,overridden,-1.0
binge_watcher:3,binge_watcher,3,6,0,446,25.0,False,entertainment,False,DELAY,0.024,accepted,1.0
binge_watcher:3,binge_watcher,3,6,1,632,15.0,False,gaming,False,DELAY,0.024,accepted,1.0
binge_watcher:3,binge_watcher,3,6,5,737,15.0,False,entertainment,False,DELAY,0.024,accepted,1.0
binge_watcher:3,binge_watcher,3,6,4,804,30.0,False,gaming,False,DELAY,0.024,accepted,1.0
binge_watcher:3,binge_watcher,3,6,6,981,20.0,False,short_form_video,False,REQUEST_CONFIRMATION,0.024,accepted,1.0
binge_watcher:3,binge_watcher,3,7,1,771,35.0,False,entertainment,False,MINDFUL_PROMPT,0.024,ignored,-0.2
binge_watcher:3,binge_watcher,3,7,2,1068,15.0,True,social,False,MINDFUL_PROMPT,0.024,accepted,1.0
binge_watcher:3,binge_watcher,3,8,5,1085,15.0,False,short_form_video,False,REQUEST_CONFIRMATION,0.024,ignored,-0.2
binge_watcher:3,binge_watcher,3,9,0,845,35.0,False,short_form_video,False,DELAY,0.024,accepted,1.0
binge_watcher:3,binge_watcher,3,10,5,1241,20.0,False,clickbait,False,MINDFUL_PROMPT,0.024,accepted,1.0
binge_watcher:3,binge_watcher,3,13,0,484,25.0,False,entertainment,False,MINDFUL_PROMPT,0.024,ignored,-0.2
binge_watcher:3,binge_watcher,3,13,5,1223,55.0,False,short_form_video,False,DELAY,0.024,accepted,1.0
binge_watcher:3,binge_watcher,3,13,9,1425,30.0,False,education,True,REQUEST_CONFIRMATION,0.024,accepted,1.0
binge_watcher:3,binge_watcher,3,14,1,926,15.0,False,career,True,SOFT_WARNING,0.024,ignored,-0.2
binge_watcher:3,binge_watcher,3,14,3,1139,35.0,False,social,False,DELAY,0.024,accepted,1.0
binge_watcher:3,binge_watcher,3,15,0,481,15.0,False,social,False,REQUEST_CONFIRMATION,0.024,ignored,-0.2
binge_watcher:3,binge_watcher,3,15,8,1384,55.0,False,education,True,LIMITED_ACCESS,0.024,accepted,1.0
binge_watcher:3,binge_watcher,3,17,3,1173,15.0,False,short_form_video,False,MINDFUL_PROMPT,0.024,accepted,1.0
binge_watcher:3,binge_watcher,3,17,7,1293,25.0,False,entertainment,False,MINDFUL_PROMPT,0.024,ignored,-0.2
binge_watcher:3,binge_watcher,3,17,8,19,20.0,False,education,True,SOFT_WARNING,0.024,ignored,-0.2
binge_watcher:3,binge_watcher,3,19,3,1316,25.0,False,short_form_video,False,SOFT_WARNING,0.024,ignored,-0.2
binge_watcher:3,binge_watcher,3,19,4,59,30.0,False,short_form_video,False,MINDFUL_PROMPT,0.024,ignored,-0.2
binge_watcher:3,binge_watcher,3,20,0,881,15.0,False,clickbait,False,MINDFUL_PROMPT,0.024,ignored,-0.2
binge_watcher:3,binge_watcher,3,20,4,17,20.0,False,short_form_video,False,SOFT_WARNING,0.024,ignored,-0.2
binge_watcher:4,binge_watcher,4,0,2,907,15.0,False,short_form_video,False,MINDFUL_PROMPT,0.024,ignored,-0.2
binge_watcher:4,binge_watcher,4,1,5,1173,30.0,False,short_form_video,False,REQUEST_CONFIRMATION,0.024,accepted,1.0
binge_watcher:4,binge_watcher,4,2,2,857,15.0,False,short_form_video,False,DELAY,0.024,accepted,1.0
binge_watcher:4,binge_watcher,4,2,4,1211,20.0,False,gaming,False,SOFT_WARNING,0.024,ignored,-0.2
binge_watcher:4,binge_watcher,4,2,8,1349,35.0,False,entertainment,False,MINDFUL_PROMPT,0.024,ignored,-0.2
binge_watcher:4,binge_watcher,4,2,10,89,35.0,False,short_form_video,False,REQUEST_CONFIRMATION,0.024,ignored,-0.2
binge_watcher:4,binge_watcher,4,3,4,843,25.0,False,short_form_video,False,REQUEST_CONFIRMATION,0.024,ignored,-0.2
binge_watcher:4,binge_watcher,4,4,1,780,20.0,False,social,False,DELAY,0.024,accepted,1.0
binge_watcher:4,binge_watcher,4,4,3,1150,15.0,False,short_form_video,False,LIMITED_ACCESS,0.024,accepted,1.0
binge_watcher:4,binge_watcher,4,4,5,1316,20.0,False,entertainment,False,REQUEST_CONFIRMATION,0.024,ignored,-0.2
binge_watcher:4,binge_watcher,4,5,0,502,30.0,False,entertainment,False,LIMITED_ACCESS,0.024,accepted,1.0
binge_watcher:4,binge_watcher,4,5,1,913,25.0,False,social,False,MINDFUL_PROMPT,0.024,ignored,-0.2
binge_watcher:4,binge_watcher,4,5,4,1241,25.0,False,short_form_video,False,LIMITED_ACCESS,0.024,overridden,-1.0
binge_watcher:4,binge_watcher,4,5,6,1282,15.0,False,short_form_video,False,REQUEST_CONFIRMATION,0.024,ignored,-0.2
binge_watcher:4,binge_watcher,4,6,0,516,70.0,False,gaming,False,MINDFUL_PROMPT,0.024,ignored,-0.2
binge_watcher:4,binge_watcher,4,7,0,496,25.0,False,short_form_video,False,SOFT_WARNING,0.024,ignored,-0.2
binge_watcher:4,binge_watcher,4,7,6,1331,15.0,False,social,False,LIMITED_ACCESS,0.024,accepted,1.0
binge_watcher:4,binge_watcher,4,8,1,735,30.0,False,short_form_video,False,SOFT_WARNING,0.024,ignored,-0.2
binge_watcher:4,binge_watcher,4,8,8,1192,20.0,False,short_form_video,False,REQUEST_CONFIRMATION,0.024,ignored,-0.2
binge_watcher:4,binge_watcher,4,10,0,508,30.0,False,entertainment,False,SOFT_WARNING,0.024,ignored,-0.2
binge_watcher:4,binge_watcher,4,10,1,496,15.0,False,clickbait,False,SOFT_WARNING,0.024,ignored,-0.2
binge_watcher:4,binge_watcher,4,10,8,1320,15.0,False,education,True,DELAY,0.024,accepted,1.0
binge_watcher:4,binge_watcher,4,12,2,917,20.0,False,clickbait,False,LIMITED_ACCESS,0.024,accepted,1.0
binge_watcher:4,binge_watcher,4,12,5,1426,15.0,False,education,True,LIMITED_ACCESS,0.024,accepted,1.0
binge_watcher:4,binge_watcher,4,13,2,632,25.0,False,social,False,DELAY,0.024,accepted,1.0
binge_watcher:4,binge_watcher,4,15,6,1213,30.0,False,short_form_video,False,DELAY,0.024,overridden,-1.0
binge_watcher:4,binge_watcher,4,16,0,801,20.0,False,clickbait,False,SOFT_WARNING,0.024,ignored,-0.2
binge_watcher:4,binge_watcher,4,16,4,1285,25.0,False,short_form_video,False,SOFT_WARNING,0.024,ignored,-0.2
binge_watcher:4,binge_watcher,4,17,3,1366,25.0,False,entertainment,False,MINDFUL_PROMPT,0.024,ignored,-0.2
binge_watcher:4,binge_watcher,4,18,7,67,15.0,False,social,False,REQUEST_CONFIRMATION,0.024,ignored,-0.2
binge_watcher:4,binge_watcher,4,20,2,722,25.0,False,clickbait,False,SOFT_WARNING,0.024,ignored,-0.2
binge_watcher:4,binge_watcher,4,20,6,1016,30.0,False,clickbait,False,DELAY,0.024,overridden,-1.0
binge_watcher:4,binge_watcher,4,20,7,1076,45.0,False,clickbait,False,MINDFUL_PROMPT,0.024,ignored,-0.2
binge_watcher:4,binge_watcher,4,20,9,1439,40.0,False,clickbait,False,SOFT_WARNING,0.024,ignored,-0.2
binge_watcher:4,binge_watcher,4,20,10,1424,25.0,False,entertainment,False,MINDFUL_PROMPT,0.024,ignored,-0.2
binge_watcher:5,binge_watcher,5,1,0,588,20.0,False,gaming,False,MINDFUL_PROMPT,0.024,accepted,1.0
binge_watcher:5,binge_watcher,5,1,2,674,30.0,False,career,True,LIMITED_ACCESS,0.024,overridden,-1.0
binge_watcher:5,binge_watcher,5,1,5,1332,20.0,False,career,True,LIMITED_ACCESS,0.024,accepted,1.0
binge_watcher:5,binge_watcher,5,2,3,1321,35.0,False,social,False,DELAY,0.024,accepted,1.0
binge_watcher:5,binge_watcher,5,3,2,748,15.0,False,career,True,DELAY,0.024,overridden,-1.0
binge_watcher:5,binge_watcher,5,3,3,878,20.0,False,short_form_video,False,SOFT_WARNING,0.024,ignored,-0.2
binge_watcher:5,binge_watcher,5,3,4,1035,25.0,False,gaming,False,REQUEST_CONFIRMATION,0.024,ignored,-0.2
binge_watcher:5,binge_watcher,5,4,5,1060,25.0,False,short_form_video,False,SOFT_WARNING,0.024,ignored,-0.2
binge_watcher:5,binge_watcher,5,5,0,500,15.0,False,gaming,False,DELAY,0.024,overridden,-1.0
binge_watcher:5,binge_watcher,5,6,3,1096,15.0,False,social,False,REQUEST_CONFIRMATION,0.024,ignored,-0.2
binge_watcher:5,binge_watcher,5,6,5,1158,15.0,False,entertainment,False,DELAY,0.024,overridden,-1.0
binge_watcher:5,binge_watcher,5,6,4,1200,30.0,False,short_form_video,False,SOFT_WARNING,0.024,ignored,-0.2
binge_watcher:5,binge_watcher,5,8,0,451,30.0,False,clickbait,False,LIMITED_ACCESS,0.024,accepted,1.0
binge_watcher:5,binge_watcher,5,8,5,740,25.0,False,education,True,MINDFUL_PROMPT,0.024,ignored,-0.2
binge_watcher:5,binge_watcher,5,8,10,1247,20.0,False,entertainment,False,LIMITED_ACCESS,0.024,accepted,1.0
binge_watcher:5,binge_watcher,5,8,11,18,15.0,False,career,True,DELAY,0.024,overridden,-1.0
binge_watcher:5,binge_watcher,5,10,0,652,35.0,False,short_form_video,False,MINDFUL_PROMPT,0.024,ignored,-0.2
binge_watcher:5,binge_watcher,5,10,4,1258,30.0,False,social,False,REQUEST_CONFIRMATION,0.024,ignored,-0.2
binge_watcher:5,binge_watcher,5,11,4,1191,15.0,False,gaming,False,REQUEST_CONFIRMATION,0.024,accepted,1.0
binge_watcher:5,binge_watcher,5,11,5,1294,15.0,False,short_form_video,False,LIMITED_ACCESS,0.024,overridden,-1.0
binge_watcher:5,binge_watcher,5,12,0,562,30.0,False,short_form_video,False,MINDFUL_PROMPT,0.024,ignored,-0.2
binge_watcher:5,binge_watcher,5,12,1,611,15.0,False,social,False,SOFT_WARNING,0.024,ignored,-0.2
binge_watcher:5,binge_watcher,5,12,4,1240,25.0,False,short_form_video,False,REQUEST_CONFIRMATION,0.024,accepted,1.0
binge_watcher:5,binge_watcher,5,12,5,1301,30.0,False,entertainment,False,REQUEST_CONFIRMATION,0.024,ignored,-0.2
binge_watcher:5,binge_watcher,5,13,7,84,35.0,False,short_form_video,False,DELAY,0.024,accepted,1.0
binge_watcher:5,binge_watcher,5,14,2,984,35.0,False,education,True,DELAY,0.024,overridden,-1.0
binge_watcher:5,binge_watcher,5,16,2,701,15.0,False,entertainment,False,REQUEST_CONFIRMATION,0.024,ignored,-0.2
binge_watcher:5,binge_watcher,5,17,1,818,25.0,False,entertainment,False,LIMITED_ACCESS,0.024,overridden,-1.0
binge_watcher:5,binge_watcher,5,17,2,1013,15.0,False,clickbait,False,DELAY,0.024,accepted,1.0
binge_watcher:5,binge_watcher,5,17,4,1066,15.0,True,short_form_video,False,DELAY,0.024,accepted,1.0
binge_watcher:5,binge_watcher,5,18,3,1150,15.0,False,education,True,DELAY,0.024,overridden,-1.0
binge_watcher:5,binge_watcher,5,19,0,727,35.0,False,short_form_video,False,SOFT_WARNING,0.024,ignored,-0.2
binge_watcher:5,binge_watcher,5,20,3,1134,60.0,False,short_form_video,False,SOFT_WARNING,0.024,accepted,1.0
binge_watcher:6,binge_watcher,6,1,1,497,20.0,False,gaming,False,REQUEST_CONFIRMATION,0.024,accepted,1.0
binge_watcher:6,binge_watcher,6,6,1,1247,35.0,False,clickbait,False,MINDFUL_PROMPT,0.024,ignored,-0.2
binge_watcher:6,binge_watcher,6,7,1,857,15.0,False,short_form_video,False,MINDFUL_PROMPT,0.024,ignored,-0.2
binge_watcher:6,binge_watcher,6,8,4,872,15.0,False,short_form_video,False,REQUEST_CONFIRMATION,0.024,accepted,1.0
binge_watcher:6,binge_watcher,6,8,5,995,15.0,False,career,True,LIMITED_ACCESS,0.024,overridden,-1.0
binge_watcher:6,binge_watcher,6,8,6,1056,20.0,True,short_form_video,False,DELAY,0.024,accepted,1.0
binge_watcher:6,binge_watcher,6,9,1,758,20.0,False,gaming,False,DELAY,0.024,accepted,1.0
binge_watcher:6,binge_watcher,6,10,0,838,15.0,False,gaming,False,LIMITED_ACCESS,0.024,accepted,1.0
binge_watcher:6,binge_watcher,6,11,3,1034,20.0,False,social,False,SOFT_WARNING,0.024,ignored,-0.2
binge_watcher:6,binge_watcher,6,11,4,1197,15.0,False,short_form_video,False,REQUEST_CONFIRMATION,0.024,accepted,1.0
binge_watcher:6,binge_watcher,6,13,8,1276,20.0,False,clickbait,False,LIMITED_ACCESS,0.024,accepted,1.0
binge_watcher:6,binge_watcher,6,13,9,1393,20.0,False,clickbait,False,LIMITED_ACCESS,0.024,accepted,1.0
binge_watcher:6,binge_watcher,6,15,7,63,35.0,False,gaming,False,MINDFUL_PROMPT,0.024,ignored,-0.2
binge_watcher:6,binge_watcher,6,16,4,911,25.0,False,short_form_video,False,SOFT_WARNING,0.024,ignored,-0.2
binge_watcher:6,binge_watcher,6,18,6,947,15.0,False,education,True,LIMITED_ACCESS,0.024,accepted,1.0
binge_watcher:6,binge_watcher,6,18,10,19,55.0,False,short_form_video,False,MINDFUL_PROMPT,0.024,ignored,-0.2
binge_watcher:6,binge_watcher,6,19,1,927,35.0,False,short_form_video,False,SOFT_WARNING,0.024,ignored,-0.2
binge_watcher:6,binge_watcher,6,19,2,1179,15.0,False,short_form_video,False,REQUEST_CONFIRMATION,0.024,ignored,-0.2
binge_watcher:6,binge_watcher,6,20,0,578,30.0,False,career,True,LIMITED_ACCESS,0.024,accepted,1.0
binge_watcher:7,binge_watcher,7,1,0,532,20.0,False,short_form_video,False,SOFT_WARNING,0.024,ignored,-0.2
binge_watcher:7,binge_watcher,7,1,6,1296,15.0,False,short_form_video,False,SOFT_WARNING,0.024,ignored,-0.2
binge_watcher:7,binge_watcher,7,3,10,103,50.0,False,clickbait,False,DELAY,0.024,accepted,1.0
binge_watcher:7,binge_watcher,7,5,1,496,15.0,False,clickbait,False,MINDFUL_PROMPT,0.024,ignored,-0.2
binge_watcher:7,binge_watcher,7,5,0,510,15.0,False,social,False,MINDFUL_PROMPT,0.024,ignored,-0.2
binge_watcher:7,binge_watcher,7,5,8,1,50.0,False,clickbait,False,SOFT_WARNING,0.024,ignored,-0.2
binge_watcher:7,binge_watcher,7,6,1,1115,25.0,False,clickbait,False,DELAY,0.024,accepted,1.0
binge_watcher:7,binge_watcher,7,6,2,1131,40.0,False,entertainment,False,SOFT_WARNING,0.024,ignored,-0.2
binge_watcher:7,binge_watcher,7,6,4,1269,15.0,False,short_form_video,False,REQUEST_CONFIRMATION,0.024,ignored,-0.2
binge_watcher:7,binge_watcher,7,8,3,968,15.0,False,social,False,DELAY,0.024,accepted,1.0
binge_watcher:7,binge_watcher,7,8,9,1257,15.0,False,career,True,SOFT_WARNING,0.024,ignored,-0.2
binge_watcher:7,binge_watcher,7,9,3,941,30.0,False,entertainment,False,MINDFUL_PROMPT,0.024,ignored,-0.2
binge_watcher:7,binge_watcher,7,9,4,970,15.0,False,short_form_video,False,LIMITED_ACCESS,0.024,overridden,-1.0
binge_watcher:7,binge_watcher,7,9,5,1073,30.0,True,education,True,LIMITED_ACCESS,0.024,accepted,1.0
binge_watcher:7,binge_watcher,7,9,6,1331,20.0,False,entertainment,False,LIMITED_ACCESS,0.024,overridden,-1.0
binge_watcher:7,binge_watcher,7,10,5,1216,15.0,False,short_form_video,False,MINDFUL_PROMPT,0.024,accepted,1.0
binge_watcher:7,binge_watcher,7,10,7,1292,20.0,False,short_form_video,False,DELAY,0.024,accepted,1.0
binge_watcher:7,binge_watcher,7,10,6,1325,15.0,False,entertainment,False,MINDFUL_PROMPT,0.024,ignored,-0.2
binge_watcher:7,binge_watcher,7,11,3,1323,15.0,False,short_form_video,False,LIMITED_ACCESS,0.024,accepted,1.0
binge_watcher:7,binge_watcher,7,12,5,1238,20.0,False,entertainment,False,REQUEST_CONFIRMATION,0.024,accepted,1.0
binge_watcher:7,binge_watcher,7,12,6,1344,15.0,False,short_form_video,False,SOFT_WARNING,0.024,ignored,-0.2
binge_watcher:7,binge_watcher,7,14,1,607,15.0,False,education,True,LIMITED_ACCESS,0.024,overridden,-1.0
binge_watcher:7,binge_watcher,7,14,6,1420,15.0,False,clickbait,False,DELAY,0.024,overridden,-1.0
binge_watcher:7,binge_watcher,7,15,1,998,25.0,False,short_form_video,False,LIMITED_ACCESS,0.024,overridden,-1.0
binge_watcher:7,binge_watcher,7,15,2,1023,15.0,True,social,False,DELAY,0.024,accepted,1.0
binge_watcher:7,binge_watcher,7,15,4,1399,15.0,False,entertainment,False,LIMITED_ACCESS,0.024,overridden,-1.0
binge_watcher:7,binge_watcher,7,17,1,802,30.0,False,entertainment,False,SOFT_WARNING,0.024,ignored,-0.2
binge_watcher:7,binge_watcher,7,18,1,907,40.0,False,entertainment,False,SOFT_WARNING,0.024,ignored,-0.2
binge_watcher:7,binge_watcher,7,18,5,1084,15.0,True,education,True,DELAY,0.024,accepted,1.0
binge_watcher:7,binge_watcher,7,19,3,1240,15.0,False,short_form_video,False,SOFT_WARNING,0.024,ignored,-0.2
binge_watcher:7,binge_watcher,7,19,4,11,25.0,False,entertainment,False,LIMITED_ACCESS,0.024,accepted,1.0
binge_watcher:7,binge_watcher,7,20,5,65,15.0,False,short_form_video,False,REQUEST_CONFIRMATION,0.024,ignored,-0.2
